Time,Co2(PPM),Temp,RH(%)
13:16:21,817,0.00,0.00
13:16:24,817,26.60,0.00
13:16:27,817,26.60,0.00
13:16:30,819,26.60,0.00
13:16:33,819,26.60,0.00
13:16:36,819,26.60,0.00
13:16:39,821,26.60,0.00
13:16:42,821,26.60,0.00
13:16:45,821,26.60,0.00
13:16:48,821,26.60,0.00
13:16:51,821,26.60,0.00
13:16:54,821,26.60,0.00
13:16:57,821,26.60,0.00
13:17:00,820,26.60,0.00
13:17:03,820,26.60,0.00
13:17:06,820,26.60,0.00
13:17:09,820,26.60,0.00
13:17:12,820,26.60,0.00
13:17:15,820,26.60,0.00
13:17:18,820,26.60,0.00
13:17:21,820,26.60,0.00
13:17:24,820,26.60,0.00
13:17:27,820,26.60,0.00
13:17:30,820,26.60,0.00
13:17:33,820,26.60,0.00
13:17:36,820,26.60,0.00
13:17:39,823,26.60,0.00
13:17:42,823,26.60,0.00
13:17:45,823,26.60,0.00
13:17:48,823,26.60,0.00
13:17:51,823,26.60,0.00
13:17:54,823,26.60,0.00
13:17:57,823,26.60,0.00
13:18:00,824,26.60,0.00
13:18:03,824,26.60,0.00
13:18:06,824,26.60,0.00
13:18:09,824,26.60,0.00
13:18:12,824,26.60,0.00
13:18:15,824,26.60,0.00
13:18:18,824,26.60,0.00
13:18:21,824,26.60,0.00
13:18:24,824,26.60,0.00
13:18:27,824,26.60,0.00
13:18:30,824,26.60,0.00
13:18:33,824,26.60,0.00
13:18:36,824,26.60,0.00
13:18:39,824,26.60,0.00
13:18:42,824,26.60,0.00
13:18:45,824,26.60,0.00
13:18:48,824,26.60,0.00
13:18:51,824,26.60,0.00
13:18:54,824,26.60,0.00
13:18:57,824,26.60,0.00
13:19:00,824,26.60,0.00
13:19:03,824,26.60,0.00
13:19:06,824,26.60,0.00
13:19:09,823,26.60,0.00
13:19:12,823,26.60,0.00
13:19:15,823,26.60,0.00
13:19:18,823,26.60,0.00
13:19:21,823,26.60,0.00
13:19:24,823,26.60,0.00
13:19:27,823,26.60,0.00
13:19:30,823,26.60,0.00
13:19:33,823,26.60,0.00
13:19:36,823,26.60,0.00
13:19:39,823,26.60,0.00
13:19:42,823,26.60,0.00
13:19:45,823,26.60,0.00
13:19:48,823,26.60,0.00
13:19:51,824,26.60,0.00
13:19:54,824,26.60,0.00
13:19:57,824,26.60,0.00
13:20:00,824,26.60,0.00
13:20:03,824,26.60,0.00
13:20:06,824,26.60,0.00
13:20:09,824,26.60,0.00
13:20:12,824,26.60,0.00
13:20:15,824,26.60,0.00
13:20:18,824,26.60,0.00
13:20:21,824,26.60,0.00
13:20:24,824,26.60,0.00
13:20:27,824,26.60,0.00
13:20:30,826,26.60,0.00
13:20:33,826,26.60,0.00
13:20:36,826,26.60,0.00
13:20:39,826,26.60,0.00
13:20:42,826,26.60,0.00
13:20:45,826,26.60,0.00
13:20:48,826,26.60,0.00
13:20:51,826,26.60,0.00
13:20:54,826,26.60,0.00
13:20:57,826,26.60,0.00
13:21:00,826,26.60,0.00
13:21:03,826,26.60,0.00
13:21:06,826,26.60,0.00
13:21:09,826,26.60,0.00
13:21:12,824,26.60,0.00
13:21:15,824,26.60,0.00
13:21:18,824,26.60,0.00
13:21:21,826,26.60,0.00
13:21:24,826,26.60,0.00
13:21:27,826,26.60,0.00
13:21:30,826,26.60,0.00
13:21:33,826,26.60,0.00
13:21:36,826,26.60,0.00
13:21:39,826,26.60,0.00
13:21:42,826,26.60,0.00
13:21:45,826,26.60,0.00
13:21:48,826,26.60,0.00
13:21:51,827,26.60,0.00
13:21:54,827,26.60,0.00
13:21:57,827,26.60,0.00
13:22:00,829,26.60,0.00
13:22:03,829,26.60,0.00
13:22:06,829,26.60,0.00
13:22:09,829,26.60,0.00
13:22:12,829,26.60,0.00
13:22:15,829,26.60,0.00
13:22:18,829,26.60,0.00
13:22:21,827,26.60,0.00
13:22:24,827,26.60,0.00
13:22:27,827,26.60,0.00
13:22:30,827,26.60,0.00
13:22:33,827,26.60,0.00
13:22:36,827,26.60,0.00
13:22:39,827,26.60,0.00
13:22:42,829,26.60,0.00
13:22:45,829,26.60,0.00
13:22:48,829,26.60,0.00
13:22:51,829,26.60,0.00
13:22:54,829,26.60,0.00
13:22:57,829,26.60,0.00
13:23:00,829,26.60,0.00
13:23:03,829,26.60,0.00
13:23:06,829,26.60,0.00
13:23:09,829,26.60,0.00
13:23:12,830,26.60,0.00
13:23:15,830,26.60,0.00
13:23:18,830,26.60,0.00
13:23:21,830,26.60,0.00
13:23:24,830,26.60,0.00
13:23:27,830,26.60,0.00
13:23:30,830,26.60,0.00
13:23:33,831,26.60,0.00
13:23:36,831,26.54,0.00
13:23:39,831,26.54,0.00
13:23:42,831,26.60,0.00
13:23:45,831,26.60,0.00
13:23:48,831,26.60,0.00
13:23:51,831,26.60,0.00
13:23:54,831,26.60,0.00
13:23:57,831,26.54,0.00
13:24:00,831,26.54,0.00
13:24:03,834,26.60,0.00
13:24:06,834,26.54,0.00
13:24:09,834,26.54,0.00
13:24:12,834,26.60,0.00
13:24:15,834,26.60,0.00
13:24:18,834,26.60,0.00
13:24:21,831,26.54,0.00
13:24:24,831,26.54,0.00
13:24:27,831,26.54,0.00
13:24:30,831,26.54,0.00
13:24:33,831,26.60,0.00
13:24:36,831,26.54,0.00
13:24:39,831,26.54,0.00
13:24:42,835,26.54,0.00
13:24:45,835,26.54,0.00
13:24:48,835,26.60,0.00
13:24:51,837,26.54,0.00
13:24:54,837,26.54,0.00
13:24:57,837,26.54,0.00
13:25:00,837,26.54,0.00
13:25:03,839,26.54,0.00
13:25:06,839,26.54,0.00
13:25:09,839,26.54,0.00
13:25:12,841,26.54,0.00
13:25:15,841,26.54,0.00
13:25:18,841,26.54,0.00
13:25:21,841,26.54,0.00
13:25:24,841,26.60,0.00
13:25:27,841,26.54,0.00
13:25:30,841,26.54,0.00
13:25:33,844,26.54,0.00
13:25:36,844,26.54,0.00
13:25:39,844,26.54,0.00
13:25:42,844,26.54,0.00
13:25:45,844,26.54,0.00
13:25:48,844,26.54,0.00
13:25:51,844,26.54,0.00
13:25:54,844,26.54,0.00
13:25:57,844,26.54,0.00
13:26:00,844,26.54,0.00
13:26:03,844,26.54,0.00
13:26:06,844,26.54,0.00
13:26:09,844,26.54,0.00
13:26:12,844,26.54,0.00
13:26:15,844,26.54,0.00
13:26:18,844,26.60,0.00
13:26:21,844,26.60,0.00
13:26:24,844,26.54,0.00
13:26:27,844,26.54,0.00
13:26:30,844,26.54,0.00
13:26:33,844,26.54,0.00
13:26:36,844,26.54,0.00
13:26:39,844,26.54,0.00
13:26:42,844,26.54,0.00
13:26:45,844,26.54,0.00
13:26:48,844,26.54,0.00
13:26:51,844,26.54,0.00
13:26:54,844,26.54,0.00
13:26:57,844,26.54,0.00
13:27:00,844,26.54,0.00
13:27:03,844,26.54,0.00
13:27:06,844,26.54,0.00
13:27:09,844,26.54,0.00
13:27:12,844,26.54,0.00
13:27:15,844,26.54,0.00
13:27:18,844,26.54,0.00
13:27:21,844,26.54,0.00
13:27:24,844,26.54,0.00
13:27:27,844,26.54,0.00
13:27:30,844,26.54,0.00
13:27:33,844,26.54,0.00
13:27:36,844,26.54,0.00
13:27:39,844,26.54,0.00
13:27:42,844,26.54,0.00
13:27:45,844,26.54,0.00
13:27:48,844,26.54,0.00
13:27:51,844,26.54,0.00
13:27:54,844,26.54,0.00
13:27:57,844,26.54,0.00
13:28:00,844,26.54,0.00
13:28:03,844,26.54,0.00
13:28:06,844,26.54,0.00
13:28:09,844,26.54,0.00
13:28:12,844,26.54,0.00
13:28:15,844,26.54,0.00
13:28:18,844,26.54,0.00
13:28:21,844,26.54,0.00
13:28:24,843,26.54,0.00
13:28:27,843,26.54,0.00
13:28:30,843,26.54,0.00
13:28:33,846,26.48,0.00
13:28:36,846,26.48,0.00
13:28:39,846,26.54,0.00
13:28:42,844,26.54,0.00
13:28:45,844,26.54,0.00
13:28:48,844,26.54,0.00
13:28:51,844,26.54,0.00
13:28:54,844,26.54,0.00
13:28:57,844,26.54,0.00
13:29:00,844,26.54,0.00
13:29:03,844,26.48,0.00
13:29:06,844,26.48,0.00
13:29:09,844,26.54,0.00
13:29:12,843,26.54,0.00
13:29:15,843,26.54,0.00
13:29:18,843,26.54,0.00
13:29:21,843,26.54,0.00
13:29:24,841,26.54,0.00
13:29:27,841,26.54,0.00
13:29:30,841,26.54,0.00
13:29:33,841,26.54,0.00
13:29:36,841,26.54,0.00
13:29:39,841,26.48,0.00
13:29:42,841,26.48,0.00
13:29:45,841,26.54,0.00
13:29:48,841,26.48,0.00
13:29:51,841,26.48,0.00
13:29:54,841,26.48,0.00
13:29:57,841,26.48,0.00
13:30:00,841,26.54,0.00
13:30:03,841,26.48,0.00
13:30:06,841,26.48,0.00
13:30:09,841,26.48,0.00
13:30:12,841,26.48,0.00
13:30:15,841,26.54,0.00
13:30:18,841,26.48,0.00
13:30:21,841,26.48,0.00
13:30:24,841,26.54,0.00
13:30:27,841,26.54,0.00
13:30:30,841,26.54,0.00
13:30:33,843,26.54,0.00
13:30:36,843,26.54,0.00
13:30:39,843,26.54,0.00
13:30:42,843,26.54,0.00
13:30:45,843,26.54,0.00
13:30:48,843,26.48,0.00
13:30:51,843,26.48,0.00
13:30:54,843,26.54,0.00
13:30:57,843,26.54,0.00
13:31:00,843,26.48,0.00
13:31:03,843,26.48,0.00
13:31:06,843,26.48,0.00
13:31:09,843,26.48,0.00
13:31:12,843,26.48,0.00
13:31:15,841,26.48,0.00
13:31:18,841,26.54,0.00
13:31:21,841,26.54,0.00
13:31:24,841,26.48,0.00
13:31:27,841,26.48,0.00
13:31:30,841,26.54,0.00
13:31:33,839,26.54,0.00
13:31:36,839,26.54,0.00
13:31:39,839,26.54,0.00
13:31:42,839,26.54,0.00
13:31:45,839,26.48,0.00
13:31:48,839,26.48,0.00
13:31:51,839,26.48,0.00
13:31:54,839,26.54,0.00
13:31:57,839,26.54,0.00
13:32:00,839,26.48,0.00
13:32:03,839,26.54,0.00
13:32:06,839,26.54,0.00
13:32:09,839,26.48,0.00
13:32:12,839,26.48,0.00
13:32:15,839,26.54,0.00
13:32:18,839,26.54,0.00
13:32:21,839,26.54,0.00
13:32:24,839,26.54,0.00
13:32:27,839,26.54,0.00
13:32:30,839,26.54,0.00
13:32:33,837,26.54,0.00
13:32:36,837,26.54,0.00
13:32:39,837,26.54,0.00
13:32:42,837,26.54,0.00
13:32:45,837,26.54,0.00
13:32:48,837,26.54,0.00
13:32:51,837,26.54,0.00
13:32:54,837,26.54,0.00
13:32:57,837,26.54,0.00
13:33:00,837,26.54,0.00
13:33:03,839,26.54,0.00
13:33:06,839,26.54,0.00
13:33:09,839,26.54,0.00
13:33:12,839,26.54,0.00
13:33:15,839,26.54,0.00
13:33:18,839,26.54,0.00
13:33:21,839,26.54,0.00
13:33:24,841,26.54,0.00
13:33:27,841,26.54,0.00
13:33:30,841,26.54,0.00
13:33:33,843,26.54,0.00
13:33:36,843,26.54,0.00
13:33:39,843,26.54,0.00
13:33:42,843,26.54,0.00
13:33:45,844,26.54,0.00
13:33:48,844,26.54,0.00
13:33:51,844,26.54,0.00
13:33:54,844,26.54,0.00
13:33:57,844,26.54,0.00
13:34:00,844,26.54,0.00
13:34:03,846,26.54,0.00
13:34:06,846,26.54,0.00
13:34:09,846,26.54,0.00
13:34:12,846,26.54,0.00
13:34:15,847,26.54,0.00
13:34:18,847,26.54,0.00
13:34:21,847,26.54,0.00
13:34:24,847,26.54,0.00
13:34:27,847,26.54,0.00
13:34:30,847,26.54,0.00
13:34:33,844,26.54,0.00
13:34:36,844,26.54,0.00
13:34:39,844,26.54,0.00
13:34:42,844,26.54,0.00
13:34:45,843,26.54,0.00
13:34:48,843,26.54,0.00
13:34:51,843,26.54,0.00
13:34:54,843,26.54,0.00
13:34:57,843,26.54,0.00
13:35:00,843,26.54,0.00
13:35:03,841,26.54,0.00
13:35:06,841,26.54,0.00
13:35:09,841,26.54,0.00
13:35:12,841,26.54,0.00
13:35:15,844,26.54,0.00
13:35:18,844,26.54,0.00
13:35:21,844,26.54,0.00
13:35:24,844,26.54,0.00
13:35:27,844,26.54,0.00
13:35:30,844,26.54,0.00
13:35:33,844,26.54,0.00
13:35:36,846,26.54,0.00
13:35:39,846,26.54,0.00
13:35:42,846,26.54,0.00
13:35:45,847,26.54,0.00
13:35:48,847,26.54,0.00
13:35:51,847,26.54,0.00
13:35:54,847,26.54,0.00
13:35:57,847,26.54,0.00
13:36:00,847,26.54,0.00
13:36:03,847,26.54,0.00
13:36:06,847,26.54,0.00
13:36:09,847,26.54,0.00
13:36:12,847,26.54,0.00
13:36:15,847,26.54,0.00
13:36:18,847,26.54,0.00
13:36:21,847,26.54,0.00
13:36:24,847,26.54,0.00
13:36:27,847,26.54,0.00
13:36:30,847,26.54,0.00
13:36:33,847,26.54,0.00
13:36:36,846,26.54,0.00
13:36:39,846,26.54,0.00
13:36:42,846,26.54,0.00
13:36:45,846,26.54,0.00
13:36:48,846,26.54,0.00
13:36:51,846,26.54,0.00
13:36:54,846,26.54,0.00
13:36:57,846,26.54,0.00
13:37:00,846,26.54,0.00
13:37:03,846,26.54,0.00
13:37:06,847,26.54,0.00
13:37:09,847,26.54,0.00
13:37:12,847,26.54,0.00
13:37:15,847,26.54,0.00
13:37:18,847,26.54,0.00
13:37:21,847,26.54,0.00
13:37:24,847,26.54,0.00
13:37:27,847,26.54,0.00
13:37:30,847,26.54,0.00
13:37:33,847,26.54,0.00
13:37:36,848,26.54,0.00
13:37:39,848,26.54,0.00
13:37:42,848,26.54,0.00
13:37:45,848,26.54,0.00
13:37:48,848,26.54,0.00
13:37:51,848,26.54,0.00
13:37:54,848,26.54,0.00
13:37:57,848,26.54,0.00
13:38:00,848,26.54,0.00
13:38:03,848,26.54,0.00
13:38:06,848,26.54,0.00
13:38:09,848,26.54,0.00
13:38:12,848,26.54,0.00
13:38:15,848,26.54,0.00
13:38:18,848,26.54,0.00
13:38:21,848,26.54,0.00
13:38:24,847,26.54,0.00
13:38:27,847,26.54,0.00
13:38:30,847,26.54,0.00
13:38:33,847,26.54,0.00
13:38:36,847,26.54,0.00
13:38:39,847,26.54,0.00
13:38:42,847,26.54,0.00
13:38:45,847,26.54,0.00
13:38:48,847,26.54,0.00
13:38:51,847,26.54,0.00
13:38:54,848,26.54,0.00
13:38:57,848,26.54,0.00
13:39:00,848,26.54,0.00
13:39:03,848,26.54,0.00
13:39:06,850,26.54,0.00
13:39:09,850,26.54,0.00
13:39:12,850,26.54,0.00
13:39:15,850,26.54,0.00
13:39:18,850,26.54,0.00
13:39:21,850,26.54,0.00
13:39:24,850,26.54,0.00
13:39:27,853,26.54,0.00
13:39:30,853,26.54,0.00
13:39:33,853,26.54,0.00
13:39:36,853,26.54,0.00
13:39:39,853,26.54,0.00
13:39:42,853,26.54,0.00
13:39:45,853,26.54,0.00
13:39:48,853,26.54,0.00
13:39:51,853,26.54,0.00
13:39:54,853,26.54,0.00
13:39:57,853,26.54,0.00
13:40:00,853,26.54,0.00
13:40:03,853,26.54,0.00
13:40:06,853,26.54,0.00
13:40:09,853,26.54,0.00
13:40:12,853,26.54,0.00
13:40:15,853,26.54,0.00
13:40:18,853,26.54,0.00
13:40:21,853,26.54,0.00
13:40:24,853,26.54,0.00
13:40:27,853,26.54,0.00
13:40:30,853,26.54,0.00
13:40:33,853,26.54,0.00
13:40:36,853,26.54,0.00
13:40:39,853,26.54,0.00
13:40:42,853,26.54,0.00
13:40:45,853,26.54,0.00
13:40:48,853,26.54,0.00
13:40:51,853,26.54,0.00
13:40:54,853,26.54,0.00
13:40:57,853,26.54,0.00
13:41:00,853,26.54,0.00
13:41:03,853,26.54,0.00
13:41:06,853,26.54,0.00
13:41:09,853,26.54,0.00
13:41:12,853,26.54,0.00
13:41:15,854,26.54,0.00
13:41:18,854,26.54,0.00
13:41:21,854,26.54,0.00
13:41:24,854,26.54,0.00
13:41:27,855,26.54,0.00
13:41:30,855,26.54,0.00
13:41:33,855,26.54,0.00
13:41:36,855,26.54,0.00
13:41:39,855,26.54,0.00
13:41:42,855,26.54,0.00
13:41:45,855,26.54,0.00
13:41:48,855,26.54,0.00
13:41:51,855,26.54,0.00
13:41:54,855,26.54,0.00
13:41:57,855,26.54,0.00
13:42:00,855,26.54,0.00
13:42:03,855,26.54,0.00
13:42:06,855,26.54,0.00
13:42:09,855,26.54,0.00
13:42:12,855,26.54,0.00
13:42:15,857,26.54,0.00
13:42:18,857,26.48,0.00
13:42:21,857,26.48,0.00
13:42:24,857,26.48,0.00
13:42:27,857,26.48,0.00
13:42:30,857,26.48,0.00
13:42:33,857,26.48,0.00
13:42:36,857,26.48,0.00
13:42:39,857,26.48,0.00
13:42:42,857,26.48,0.00
13:42:45,857,26.48,0.00
13:42:48,857,26.48,0.00
13:42:51,857,26.48,0.00
13:42:54,857,26.48,0.00
13:42:57,857,26.48,0.00
13:43:00,857,26.48,0.00
13:43:03,857,26.48,0.00
13:43:06,857,26.48,0.00
13:43:09,857,26.48,0.00
13:43:12,857,26.48,0.00
13:43:15,857,26.48,0.00
13:43:18,857,26.48,0.00
13:43:21,857,26.48,0.00
13:43:24,857,26.48,0.00
13:43:27,855,26.48,0.00
13:43:30,855,26.48,0.00
13:43:33,855,26.48,0.00
13:43:36,854,26.48,0.00
13:43:39,854,26.48,0.00
13:43:42,854,26.48,0.00
13:43:45,854,26.48,0.00
13:43:48,854,26.48,0.00
13:43:51,854,26.48,0.00
13:43:54,854,26.48,0.00
13:43:57,853,26.48,0.00
13:44:00,853,26.48,0.00
13:44:03,853,26.48,0.00
13:44:06,851,26.48,0.00
13:44:09,851,26.48,0.00
13:44:12,851,26.48,0.00
13:44:15,851,26.48,0.00
13:44:18,851,26.41,0.00
13:44:21,851,26.41,0.00
13:44:24,851,26.41,0.00
13:44:27,850,26.41,0.00
13:44:30,850,26.41,0.00
13:44:33,850,26.41,0.00
13:44:36,850,26.41,0.00
13:44:39,850,26.41,0.00
13:44:42,850,26.41,0.00
13:44:45,850,26.41,0.00
13:44:48,850,26.41,0.00
13:44:51,850,26.41,0.00
13:44:54,850,26.41,0.00
13:44:57,848,26.41,0.00
13:45:00,848,26.41,0.00
13:45:03,848,26.41,0.00
13:45:06,847,26.41,0.00
13:45:09,847,26.41,0.00
13:45:12,847,26.41,0.00
13:45:15,847,26.41,0.00
13:45:18,847,26.41,0.00
13:45:21,847,26.41,0.00
13:45:24,847,26.41,0.00
13:45:27,847,26.41,0.00
13:45:30,847,26.41,0.00
13:45:33,847,26.41,0.00
13:45:36,847,26.41,0.00
13:45:39,847,26.41,0.00
13:45:42,847,26.41,0.00
13:45:45,847,26.41,0.00
13:45:48,847,26.41,0.00
13:45:51,847,26.41,0.00
13:45:54,847,26.41,0.00
13:45:57,847,26.41,0.00
13:46:00,847,26.41,0.00
13:46:03,847,26.41,0.00
13:46:06,847,26.41,0.00
13:46:09,847,26.41,0.00
13:46:12,847,26.41,0.00
13:46:15,847,26.41,0.00
13:46:18,848,26.41,0.00
13:46:21,848,26.41,0.00
13:46:24,848,26.41,0.00
13:46:27,848,26.41,0.00
13:46:30,848,26.41,0.00
13:46:33,848,26.41,0.00
13:46:36,848,26.41,0.00
13:46:39,848,26.41,0.00
13:46:42,848,26.41,0.00
13:46:45,848,26.41,0.00
13:46:48,848,26.41,0.00
13:46:51,848,26.41,0.00
13:46:54,848,26.41,0.00
13:46:57,848,26.41,0.00
13:47:00,848,26.41,0.00
13:47:03,848,26.41,0.00
13:47:06,848,26.41,0.00
13:47:09,850,26.41,0.00
13:47:12,850,26.41,0.00
13:47:15,850,26.41,0.00
13:47:18,850,26.41,0.00
13:47:21,850,26.41,0.00
13:47:24,850,26.41,0.00
13:47:27,850,26.41,0.00
13:47:30,850,26.41,0.00
13:47:33,850,26.41,0.00
13:47:36,850,26.41,0.00
13:47:39,850,26.41,0.00
13:47:42,850,26.41,0.00
13:47:45,850,26.41,0.00
13:47:48,850,26.41,0.00
13:47:51,850,26.41,0.00
13:47:54,850,26.41,0.00
13:47:57,851,26.41,0.00
13:48:00,851,26.41,0.00
13:48:03,851,26.41,0.00
13:48:06,851,26.41,0.00
13:48:09,851,26.41,0.00
13:48:12,851,26.41,0.00
13:48:15,851,26.41,0.00
13:48:18,850,26.41,0.00
13:48:21,850,26.41,0.00
13:48:24,850,26.35,0.00
13:48:27,850,26.41,0.00
13:48:30,850,26.41,0.00
13:48:33,850,26.41,0.00
13:48:36,850,26.41,0.00
13:48:39,853,26.35,0.00
13:48:42,853,26.35,0.00
13:48:45,853,26.35,0.00
13:48:48,854,26.41,0.00
13:48:51,854,26.41,0.00
13:48:54,854,26.35,0.00
13:48:57,853,26.35,0.00
13:49:00,853,26.35,0.00
13:49:03,853,26.35,0.00
13:49:06,853,26.35,0.00
13:49:09,853,26.35,0.00
13:49:12,853,26.35,0.00
13:49:15,853,26.35,0.00
13:49:18,853,26.35,0.00
13:49:21,853,26.35,0.00
13:49:24,853,26.35,0.00
13:49:27,851,26.35,0.00
13:49:30,851,26.35,0.00
13:49:33,851,26.35,0.00
13:49:36,851,26.35,0.00
13:49:39,850,26.35,0.00
13:49:42,850,26.35,0.00
13:49:45,850,26.35,0.00
13:49:48,850,26.35,0.00
13:49:51,850,26.35,0.00
13:49:54,850,26.35,0.00
13:49:57,850,26.35,0.00
13:50:00,850,26.35,0.00
13:50:03,850,26.35,0.00
13:50:06,850,26.35,0.00
13:50:09,850,26.35,0.00
13:50:12,850,26.35,0.00
13:50:15,850,26.35,0.00
13:50:18,850,26.35,0.00
13:50:21,850,26.35,0.00
13:50:24,850,26.35,0.00
13:50:27,850,26.35,0.00
13:50:30,850,26.35,0.00
13:50:33,850,26.35,0.00
13:50:36,850,26.35,0.00
13:50:39,850,26.35,0.00
13:50:42,850,26.35,0.00
13:50:45,850,26.35,0.00
13:50:48,850,26.35,0.00
13:50:51,850,26.35,0.00
13:50:54,850,26.35,0.00
13:50:57,850,26.35,0.00
13:51:00,850,26.35,0.00
13:51:03,850,26.35,0.00
13:51:06,850,26.35,0.00
13:51:09,850,26.35,0.00
13:51:12,850,26.35,0.00
13:51:15,850,26.35,0.00
13:51:18,850,26.29,0.00
13:51:21,850,26.29,0.00
13:51:24,850,26.29,0.00
13:51:27,850,26.29,0.00
13:51:30,850,26.35,0.00
13:51:33,850,26.35,0.00
13:51:36,850,26.35,0.00
13:51:39,850,26.35,0.00
13:51:42,850,26.35,0.00
13:51:45,850,26.35,0.00
13:51:48,850,26.29,0.00
13:51:51,850,26.29,0.00
13:51:54,850,26.29,0.00
13:51:57,850,26.29,0.00
13:52:00,850,26.35,0.00
13:52:03,850,26.29,0.00
13:52:06,850,26.29,0.00
13:52:09,851,26.29,0.00
13:52:12,851,26.29,0.00
13:52:15,851,26.35,0.00
13:52:18,853,26.35,0.00
13:52:21,853,26.29,0.00
13:52:24,853,26.29,0.00
13:52:27,853,26.29,0.00
13:52:30,853,26.29,0.00
13:52:33,853,26.29,0.00
13:52:36,853,26.29,0.00
13:52:39,853,26.29,0.00
13:52:42,853,26.29,0.00
13:52:45,853,26.29,0.00
13:52:48,854,26.29,0.00
13:52:51,854,26.29,0.00
13:52:54,854,26.29,0.00
13:52:57,854,26.29,0.00
13:53:00,854,26.29,0.00
13:53:03,854,26.29,0.00
13:53:06,854,26.29,0.00
13:53:09,855,26.29,0.00
13:53:12,855,26.29,0.00
13:53:15,855,26.29,0.00
13:53:18,855,26.29,0.00
13:53:21,855,26.29,0.00
13:53:24,855,26.29,0.00
13:53:27,855,26.29,0.00
13:53:30,855,26.29,0.00
13:53:33,855,26.29,0.00
13:53:36,855,26.29,0.00
13:53:39,857,26.29,0.00
13:53:42,857,26.29,0.00
13:53:45,857,26.29,0.00
13:53:48,857,26.29,0.00
13:53:51,857,26.29,0.00
13:53:54,857,26.29,0.00
13:53:57,857,26.29,0.00
13:54:00,857,26.29,0.00
13:54:03,857,26.29,0.00
13:54:06,857,26.35,0.00
13:54:09,857,26.29,0.00
13:54:12,857,26.29,0.00
13:54:15,857,26.35,0.00
13:54:18,859,26.35,0.00
13:54:21,859,26.29,0.00
13:54:24,859,26.29,0.00
13:54:27,859,26.29,0.00
13:54:30,857,26.29,0.00
13:54:33,857,26.29,0.00
13:54:36,857,26.29,0.00
13:54:39,857,26.29,0.00
13:54:42,857,26.29,0.00
13:54:45,857,26.29,0.00
13:54:48,857,26.29,0.00
13:54:51,857,26.29,0.00
13:54:54,857,26.29,0.00
13:54:57,857,26.29,0.00
13:55:00,857,26.29,0.00
13:55:03,857,26.29,0.00
13:55:06,857,26.29,0.00
13:55:09,857,26.29,0.00
13:55:12,857,26.29,0.00
13:55:15,857,26.29,0.00
13:55:18,857,26.29,0.00
13:55:21,857,26.29,0.00
13:55:24,857,26.29,0.00
13:55:27,857,26.29,0.00
13:55:30,857,26.29,0.00
13:55:33,857,26.29,0.00
13:55:36,857,26.29,0.00
13:55:39,857,26.29,0.00
13:55:42,857,26.29,0.00
13:55:45,857,26.29,0.00
13:55:48,857,26.29,0.00
13:55:51,857,26.29,0.00
13:55:54,857,26.29,0.00
13:55:57,857,26.29,0.00
13:56:00,857,26.29,0.00
13:56:03,857,26.29,0.00
13:56:06,857,26.29,0.00
13:56:09,857,26.29,0.00
13:56:12,857,26.29,0.00
13:56:15,857,26.29,0.00
13:56:18,857,26.29,0.00
13:56:21,857,26.29,0.00
13:56:24,857,26.29,0.00
13:56:27,857,26.29,0.00
13:56:30,857,26.29,0.00
13:56:33,857,26.29,0.00
13:56:36,857,26.29,0.00
13:56:39,857,26.29,0.00
13:56:42,857,26.29,0.00
13:56:45,857,26.29,0.00
13:56:48,857,26.29,0.00
13:56:51,857,26.29,0.00
13:56:54,857,26.29,0.00
13:56:57,857,26.29,0.00
13:57:00,857,26.29,0.00
13:57:03,857,26.29,0.00
13:57:06,857,26.29,0.00
13:57:09,857,26.29,0.00
13:57:12,857,26.29,0.00
13:57:15,857,26.29,0.00
13:57:18,857,26.29,0.00
13:57:21,857,26.29,0.00
13:57:24,857,26.29,0.00
13:57:27,857,26.29,0.00
13:57:30,857,26.29,0.00
13:57:33,857,26.29,0.00
13:57:36,857,26.29,0.00
13:57:39,857,26.29,0.00
13:57:42,857,26.29,0.00
13:57:45,857,26.29,0.00
13:57:48,857,26.29,0.00
13:57:51,855,26.29,0.00
13:57:54,855,26.29,0.00
13:57:57,855,26.29,0.00
13:58:00,854,26.29,0.00
13:58:03,854,26.29,0.00
13:58:06,854,26.29,0.00
13:58:09,851,26.29,0.00
13:58:12,851,26.29,0.00
13:58:15,851,26.29,0.00
13:58:18,851,26.29,0.00
13:58:21,851,26.29,0.00
13:58:24,851,26.29,0.00
13:58:27,851,26.29,0.00
13:58:30,851,26.29,0.00
13:58:33,851,26.29,0.00
13:58:36,851,26.29,0.00
13:58:39,851,26.29,0.00
13:58:42,855,26.29,0.00
13:58:45,855,26.29,0.00
13:58:48,855,26.29,0.00
13:58:51,857,26.29,0.00
13:58:54,857,26.29,0.00
13:58:57,857,26.29,0.00
13:59:00,861,26.29,0.00
13:59:03,861,26.29,0.00
13:59:06,861,26.29,0.00
13:59:09,861,26.29,0.00
13:59:12,863,26.29,0.00
13:59:15,863,26.29,0.00
13:59:18,863,26.29,0.00
13:59:21,863,26.29,0.00
13:59:24,863,26.29,0.00
13:59:27,863,26.29,0.00
13:59:30,863,26.29,0.00
13:59:33,863,26.29,0.00
13:59:36,863,26.29,0.00
13:59:39,863,26.29,0.00
13:59:42,863,26.29,0.00
13:59:45,863,26.29,0.00
13:59:48,863,26.29,0.00
13:59:51,863,26.29,0.00
13:59:54,863,26.29,0.00
13:59:57,863,26.29,0.00
14:00:00,863,26.29,0.00
14:00:03,863,26.29,0.00
14:00:06,863,26.29,0.00
14:00:09,863,26.29,0.00
14:00:12,864,26.29,0.00
14:00:15,864,26.29,0.00
14:00:18,864,26.29,0.00
14:00:21,864,26.29,0.00
14:00:24,864,26.29,0.00
14:00:27,864,26.35,0.00
14:00:30,865,26.35,0.00
14:00:33,865,26.35,0.00
14:00:36,865,26.29,0.00
14:00:39,865,26.29,0.00
14:00:42,865,26.29,0.00
14:00:45,865,26.29,0.00
14:00:48,865,26.35,0.00
14:00:51,864,26.35,0.00
14:00:54,864,26.35,0.00
14:00:57,864,26.29,0.00
14:01:00,863,26.29,0.00
14:01:03,863,26.35,0.00
14:01:06,863,26.29,0.00
14:01:09,863,26.29,0.00
14:01:12,863,26.29,0.00
14:01:15,863,26.29,0.00
14:01:18,863,26.29,0.00
14:01:21,863,26.29,0.00
14:01:24,863,26.29,0.00
14:01:27,863,26.35,0.00
14:01:30,863,26.35,0.00
14:01:33,863,26.29,0.00
14:01:36,863,26.35,0.00
14:01:39,863,26.35,0.00
14:01:42,863,26.35,0.00
14:01:45,863,26.35,0.00
14:01:48,863,26.35,0.00
14:01:51,863,26.35,0.00
14:01:54,863,26.35,0.00
14:01:57,863,26.35,0.00
14:02:00,863,26.35,0.00
14:02:03,863,26.35,0.00
14:02:06,863,26.35,0.00
14:02:09,863,26.35,0.00
14:02:12,861,26.35,0.00
14:02:15,861,26.35,0.00
14:02:18,861,26.35,0.00
14:02:21,860,26.35,0.00
14:02:24,860,26.35,0.00
14:02:27,860,26.35,0.00
14:02:30,860,26.35,0.00
14:02:33,859,26.35,0.00
14:02:36,859,26.35,0.00
14:02:39,859,26.35,0.00
14:02:42,859,26.35,0.00
14:02:45,859,26.35,0.00
14:02:48,859,26.35,0.00
14:02:51,859,26.35,0.00
14:02:54,859,26.35,0.00
14:02:57,859,26.35,0.00
14:03:00,859,26.35,0.00
14:03:03,859,26.35,0.00
14:03:06,859,26.35,0.00
14:03:09,859,26.35,0.00
14:03:12,859,26.35,0.00
14:03:15,859,26.35,0.00
14:03:18,859,26.29,0.00
14:03:21,859,26.35,0.00
14:03:24,859,26.35,0.00
14:03:27,859,26.35,0.00
14:03:30,859,26.35,0.00
14:03:33,859,26.35,0.00
14:03:36,859,26.35,0.00
14:03:39,859,26.35,0.00
14:03:42,857,26.35,0.00
14:03:45,857,26.35,0.00
14:03:48,857,26.29,0.00
14:03:51,855,26.29,0.00
14:03:54,855,26.29,0.00
14:03:57,855,26.29,0.00
14:04:00,855,26.29,0.00
14:04:03,854,26.29,0.00
14:04:06,854,26.29,0.00
14:04:09,854,26.29,0.00
14:04:12,854,26.35,0.00
14:04:15,854,26.35,0.00
14:04:18,854,26.35,0.00
14:04:21,853,26.35,0.00
14:04:24,853,26.29,0.00
14:04:27,853,26.29,0.00
14:04:30,853,26.29,0.00
14:04:33,853,26.29,0.00
14:04:36,853,26.29,0.00
14:04:39,853,26.29,0.00
14:04:42,853,26.29,0.00
14:04:45,853,26.29,0.00
14:04:48,853,26.29,0.00
14:04:51,853,26.29,0.00
14:04:54,853,26.29,0.00
14:04:57,853,26.29,0.00
14:05:00,853,26.29,0.00
14:05:03,853,26.29,0.00
14:05:06,853,26.29,0.00
14:05:09,853,26.29,0.00
14:05:12,853,26.29,0.00
14:05:15,853,26.29,0.00
14:05:18,853,26.29,0.00
14:05:21,851,26.29,0.00
14:05:24,851,26.29,0.00
14:05:27,851,26.29,0.00
14:05:30,851,26.29,0.00
14:05:33,853,26.29,0.00
14:05:36,853,26.29,0.00
14:05:39,853,26.29,0.00
14:05:42,853,26.29,0.00
14:05:45,853,26.29,0.00
14:05:48,853,26.29,0.00
14:05:51,853,26.29,0.00
14:05:54,853,26.29,0.00
14:05:57,853,26.29,0.00
14:06:00,853,26.29,0.00
14:06:03,851,26.29,0.00
14:06:06,851,26.29,0.00
14:06:09,851,26.29,0.00
14:06:12,850,26.29,0.00
14:06:15,850,26.29,0.00
14:06:18,850,26.29,0.00
14:06:21,850,26.29,0.00
14:06:24,850,26.29,0.00
14:06:27,850,26.29,0.00
14:06:30,850,26.29,0.00
14:06:33,848,26.29,0.00
14:06:36,848,26.29,0.00
14:06:39,848,26.29,0.00
14:06:42,848,26.29,0.00
14:06:45,848,26.29,0.00
14:06:48,848,26.29,0.00
14:06:51,848,26.29,0.00
14:06:54,847,26.29,0.00
14:06:57,847,26.29,0.00
14:07:00,847,26.29,0.00
14:07:03,847,26.23,0.00
14:07:06,847,26.23,0.00
14:07:09,847,26.29,0.00
14:07:12,844,26.23,0.00
14:07:15,844,26.23,0.00
14:07:18,844,26.29,0.00
14:07:21,844,26.29,0.00
14:07:24,844,26.29,0.00
14:07:27,844,26.23,0.00
14:07:30,844,26.23,0.00
14:07:33,843,26.29,0.00
14:07:36,843,26.29,0.00
14:07:39,843,26.23,0.00
14:07:42,843,26.23,0.00
14:07:45,843,26.23,0.00
14:07:48,843,26.23,0.00
14:07:51,843,26.23,0.00
14:07:54,841,26.23,0.00
14:07:57,841,26.23,0.00
14:08:00,841,26.23,0.00
14:08:03,841,26.23,0.00
14:08:06,841,26.23,0.00
14:08:09,841,26.23,0.00
14:08:12,840,26.23,0.00
14:08:15,840,26.23,0.00
14:08:18,840,26.23,0.00
14:08:21,840,26.23,0.00
14:08:24,839,26.23,0.00
14:08:27,839,26.23,0.00
14:08:30,839,26.23,0.00
14:08:33,839,26.23,0.00
14:08:36,839,26.23,0.00
14:08:39,839,26.23,0.00
14:08:42,839,26.23,0.00
14:08:45,839,26.23,0.00
14:08:48,839,26.23,0.00
14:08:51,839,26.23,0.00
14:08:54,839,26.23,0.00
14:08:57,839,26.23,0.00
14:09:00,839,26.23,0.00
14:09:03,837,26.23,0.00
14:09:06,837,26.23,0.00
14:09:09,837,26.23,0.00
14:09:12,837,26.23,0.00
14:09:15,837,26.23,0.00
14:09:18,837,26.23,0.00
14:09:21,837,26.23,0.00
14:09:24,835,26.23,0.00
14:09:27,835,26.23,0.00
14:09:30,835,26.23,0.00
14:09:33,835,26.23,0.00
14:09:36,835,26.23,0.00
14:09:39,835,26.23,0.00
14:09:42,834,26.23,0.00
14:09:45,834,26.23,0.00
14:09:48,834,26.23,0.00
14:09:51,834,26.23,0.00
14:09:54,835,26.23,0.00
14:09:57,835,26.23,0.00
14:10:00,835,26.23,0.00
14:10:03,837,26.23,0.00
14:10:06,837,26.23,0.00
14:10:09,837,26.23,0.00
14:10:12,839,26.23,0.00
14:10:15,839,26.16,0.00
14:10:18,839,26.23,0.00
14:10:21,839,26.23,0.00
14:10:24,839,26.23,0.00
14:10:27,839,26.23,0.00
14:10:30,839,26.23,0.00
14:10:33,839,26.16,0.00
14:10:36,839,26.16,0.00
14:10:39,839,26.23,0.00
14:10:42,839,26.23,0.00
14:10:45,837,26.16,0.00
14:10:48,837,26.23,0.00
14:10:51,837,26.23,0.00
14:10:54,835,26.16,0.00
14:10:57,835,26.16,0.00
14:11:00,835,26.16,0.00
14:11:03,831,26.16,0.00
14:11:06,831,26.16,0.00
14:11:09,831,26.16,0.00
14:11:12,831,26.16,0.00
14:11:15,827,26.16,0.00
14:11:18,827,26.16,0.00
14:11:21,827,26.16,0.00
14:11:24,826,26.16,0.00
14:11:27,826,26.16,0.00
14:11:30,826,26.16,0.00
14:11:33,826,26.16,0.00
14:11:36,826,26.16,0.00
14:11:39,826,26.16,0.00
14:11:42,826,26.16,0.00
14:11:45,826,26.16,0.00
14:11:48,826,26.16,0.00
14:11:51,826,26.16,0.00
14:11:54,826,26.16,0.00
14:11:57,826,26.16,0.00
14:12:00,826,26.16,0.00
14:12:03,824,26.16,0.00
14:12:06,824,26.16,0.00
14:12:09,824,26.16,0.00
14:12:12,824,26.16,0.00
14:12:15,823,26.16,0.00
14:12:18,823,26.16,0.00
14:12:21,823,26.16,0.00
14:12:24,820,26.16,0.00
14:12:27,820,26.16,0.00
14:12:30,820,26.16,0.00
14:12:33,820,26.16,0.00
14:12:36,820,26.16,0.00
14:12:39,820,26.16,0.00
14:12:42,820,26.16,0.00
14:12:45,817,26.16,0.00
14:12:48,817,26.16,0.00
14:12:51,817,26.16,0.00
14:12:54,814,26.16,0.00
14:12:57,814,26.16,0.00
14:13:00,814,26.16,0.00
14:13:03,814,26.16,0.00
14:13:06,814,26.16,0.00
14:13:09,814,26.16,0.00
14:13:12,814,26.16,0.00
14:13:15,811,26.16,0.00
14:13:18,811,26.16,0.00
14:13:21,811,26.16,0.00
14:13:24,811,26.16,0.00
14:13:27,811,26.16,0.00
14:13:30,811,26.16,0.00
14:13:33,811,26.16,0.00
14:13:36,811,26.16,0.00
14:13:39,811,26.16,0.00
14:13:42,811,26.16,0.00
14:13:45,811,26.16,0.00
14:13:48,811,26.16,0.00
14:13:51,811,26.16,0.00
14:13:54,813,26.16,0.00
14:13:57,813,26.16,0.00
14:14:00,813,26.16,0.00
14:14:03,813,26.16,0.00
14:14:06,813,26.16,0.00
14:14:09,813,26.10,0.00
14:14:12,813,26.10,0.00
14:14:15,814,26.16,0.00
14:14:18,814,26.16,0.00
14:14:21,814,26.10,0.00
14:14:24,814,26.16,0.00
14:14:27,814,26.16,0.00
14:14:30,814,26.16,0.00
14:14:33,814,26.16,0.00
14:14:36,814,26.16,0.00
14:14:39,814,26.10,0.00
14:14:42,814,26.10,0.00
14:14:45,815,26.16,0.00
14:14:48,815,26.16,0.00
14:14:51,815,26.10,0.00
14:14:54,817,26.10,0.00
14:14:57,817,26.10,0.00
14:15:00,817,26.10,0.00
14:15:03,817,26.10,0.00
14:15:06,815,26.16,0.00
14:15:09,815,26.10,0.00
14:15:12,815,26.10,0.00
14:15:15,814,26.16,0.00
14:15:18,814,26.16,0.00
14:15:21,814,26.10,0.00
14:15:24,814,26.10,0.00
14:15:27,814,26.10,0.00
14:15:30,814,26.10,0.00
14:15:33,814,26.10,0.00
14:15:36,814,26.10,0.00
14:15:39,814,26.10,0.00
14:15:42,814,26.10,0.00
14:15:45,814,26.10,0.00
14:15:48,814,26.10,0.00
14:15:51,814,26.10,0.00
14:15:54,813,26.10,0.00
14:15:57,813,26.10,0.00
14:16:00,813,26.10,0.00
14:16:03,813,26.10,0.00
14:16:06,814,26.16,0.00
14:16:09,814,26.16,0.00
14:16:12,814,26.16,0.00
14:16:15,814,26.16,0.00
14:16:18,814,26.16,0.00
14:16:21,814,26.16,0.00
14:16:24,814,26.16,0.00
14:16:27,814,26.16,0.00
14:16:30,814,26.16,0.00
14:16:33,814,26.16,0.00
14:16:36,815,26.16,0.00
14:16:39,815,26.16,0.00
14:16:42,815,26.10,0.00
14:16:45,817,26.10,0.00
14:16:48,817,26.10,0.00
14:16:51,817,26.10,0.00
14:16:54,818,26.10,0.00
14:16:57,818,26.10,0.00
14:17:00,818,26.16,0.00
14:17:03,818,26.16,0.00
14:17:06,818,26.16,0.00
14:17:09,818,26.16,0.00
14:17:12,818,26.10,0.00
14:17:15,820,26.10,0.00
14:17:18,820,26.10,0.00
14:17:21,820,26.10,0.00
14:17:24,820,26.10,0.00
14:17:27,820,26.16,0.00
14:17:30,821,26.10,0.00
14:17:33,821,26.10,0.00
14:17:36,821,26.16,0.00
14:17:39,822,26.16,0.00
14:17:42,822,26.10,0.00
14:17:45,823,26.16,0.00
14:17:48,823,26.16,0.00
14:17:51,823,26.16,0.00
14:17:54,823,26.16,0.00
14:17:57,823,26.16,0.00
14:18:00,823,26.16,0.00
14:18:03,823,26.16,0.00
14:18:06,822,26.10,0.00
14:18:09,822,26.10,0.00
14:18:12,821,26.16,0.00
14:18:15,820,26.16,0.00
14:18:18,820,26.16,0.00
14:18:21,820,26.16,0.00
14:18:24,820,26.16,0.00
14:18:27,820,26.16,0.00
14:18:30,820,26.16,0.00
14:18:33,820,26.16,0.00
14:18:36,821,26.10,0.00
14:18:39,821,26.10,0.00
14:18:42,820,26.16,0.00
14:18:45,821,26.16,0.00
14:18:48,821,26.16,0.00
14:18:51,821,26.16,0.00
14:18:54,821,26.16,0.00
14:18:57,821,26.16,0.00
14:19:00,821,26.16,0.00
14:19:03,821,26.16,0.00
14:19:06,823,26.16,0.00
14:19:09,823,26.16,0.00
14:19:12,823,26.16,0.00
14:19:15,820,26.16,0.00
14:19:18,820,26.16,0.00
14:19:21,820,26.16,0.00
14:19:24,820,26.16,0.00
14:19:27,820,26.16,0.00
14:19:30,820,26.16,0.00
14:19:33,820,26.16,0.00
14:19:36,820,26.16,0.00
14:19:39,820,26.16,0.00
14:19:42,820,26.16,0.00
14:19:45,820,26.16,0.00
14:19:48,820,26.16,0.00
14:19:51,820,26.16,0.00
14:19:54,820,26.16,0.00
14:19:57,820,26.16,0.00
14:20:00,821,26.16,0.00
14:20:03,821,26.10,0.00
14:20:06,820,26.16,0.00
14:20:09,820,26.16,0.00
14:20:12,820,26.16,0.00
14:20:15,821,26.16,0.00
14:20:18,821,26.10,0.00
14:20:21,820,26.16,0.00
14:20:24,820,26.16,0.00
14:20:27,820,26.16,0.00
14:20:30,821,26.16,0.00
14:20:33,821,26.10,0.00
14:20:36,820,26.10,0.00
14:20:39,820,26.10,0.00
14:20:42,820,26.10,0.00
14:20:45,818,26.10,0.00
14:20:48,818,26.10,0.00
14:20:51,818,26.16,0.00
14:20:54,818,26.16,0.00
14:20:57,815,26.10,0.00
14:21:00,815,26.10,0.00
14:21:03,815,26.10,0.00
14:21:06,814,26.10,0.00
14:21:09,814,26.10,0.00
14:21:12,814,26.10,0.00
14:21:15,811,26.10,0.00
14:21:18,811,26.10,0.00
14:21:21,811,26.10,0.00
14:21:24,811,26.10,0.00
14:21:27,810,26.10,0.00
14:21:30,810,26.10,0.00
14:21:33,810,26.10,0.00
14:21:36,808,26.10,0.00
14:21:39,808,26.10,0.00
14:21:42,808,26.10,0.00
14:21:45,808,26.10,0.00
14:21:48,806,26.10,0.00
14:21:51,806,26.10,0.00
14:21:54,806,26.10,0.00
14:21:57,805,26.10,0.00
14:22:00,805,26.10,0.00
14:22:03,805,26.10,0.00
14:22:06,804,26.10,0.00
14:22:09,804,26.10,0.00
14:22:12,804,26.10,0.00
14:22:15,804,26.10,0.00
14:22:18,804,26.10,0.00
14:22:21,804,26.10,0.00
14:22:24,804,26.10,0.00
14:22:27,803,26.10,0.00
14:22:30,803,26.10,0.00
14:22:33,803,26.10,0.00
14:22:36,804,26.10,0.00
14:22:39,804,26.10,0.00
14:22:42,804,26.16,0.00
14:22:45,804,26.16,0.00
14:22:48,804,26.10,0.00
14:22:51,804,26.10,0.00
14:22:54,804,26.10,0.00
14:22:57,804,26.16,0.00
14:23:00,804,26.16,0.00
14:23:03,804,26.10,0.00
14:23:06,804,26.10,0.00
14:23:09,804,26.10,0.00
14:23:12,804,26.10,0.00
14:23:15,804,26.10,0.00
14:23:18,804,26.16,0.00
14:23:21,804,26.16,0.00
14:23:24,804,26.16,0.00
14:23:27,803,26.10,0.00
14:23:30,803,26.10,0.00
14:23:33,803,26.10,0.00
14:23:36,803,26.10,0.00
14:23:39,803,26.10,0.00
14:23:42,803,26.10,0.00
14:23:45,803,26.10,0.00
14:23:48,803,26.10,0.00
14:23:51,803,26.10,0.00
14:23:54,803,26.10,0.00
14:23:57,802,26.10,0.00
14:24:00,802,26.10,0.00
14:24:03,802,26.10,0.00
14:24:06,803,26.10,0.00
14:24:09,803,26.10,0.00
14:24:12,803,26.10,0.00
14:24:15,803,26.10,0.00
14:24:18,805,26.10,0.00
14:24:21,805,26.10,0.00
14:24:24,805,26.10,0.00
14:24:27,805,26.10,0.00
14:24:30,805,26.10,0.00
14:24:33,805,26.10,0.00
14:24:36,805,26.10,0.00
14:24:39,805,26.10,0.00
14:24:42,805,26.10,0.00
14:24:45,805,26.10,0.00
14:24:48,805,26.10,0.00
14:24:51,805,26.10,0.00
14:24:54,805,26.10,0.00
14:24:57,805,26.10,0.00
14:25:00,805,26.10,0.00
14:25:03,805,26.10,0.00
14:25:06,805,26.10,0.00
14:25:09,805,26.10,0.00
14:25:12,805,26.10,0.00
14:25:15,805,26.10,0.00
14:25:18,806,26.10,0.00
14:25:21,806,26.10,0.00
14:25:24,806,26.10,0.00
14:25:27,806,26.10,0.00
14:25:30,806,26.10,0.00
14:25:33,806,26.10,0.00
14:25:36,806,26.10,0.00
14:25:39,805,26.10,0.00
14:25:42,805,26.10,0.00
14:25:45,805,26.10,0.00
14:25:48,805,26.10,0.00
14:25:51,805,26.10,0.00
14:25:54,805,26.10,0.00
14:25:57,802,26.10,0.00
14:26:00,802,26.10,0.00
14:26:03,802,26.10,0.00
14:26:06,802,26.10,0.00
14:26:09,802,26.10,0.00
14:26:12,802,26.10,0.00
14:26:15,802,26.10,0.00
14:26:18,800,26.10,0.00
14:26:21,800,26.10,0.00
14:26:24,800,26.10,0.00
14:26:27,800,26.10,0.00
14:26:30,800,26.10,0.00
14:26:33,800,26.10,0.00
14:26:36,800,26.10,0.00
14:26:39,800,26.16,0.00
14:26:42,800,26.10,0.00
14:26:45,800,26.10,0.00
14:26:48,800,26.16,0.00
14:26:51,800,26.16,0.00
14:26:54,800,26.10,0.00
14:26:57,800,26.10,0.00
14:27:00,800,26.10,0.00
14:27:03,800,26.10,0.00
14:27:06,800,26.10,0.00
14:27:09,800,26.10,0.00
14:27:12,800,26.10,0.00
14:27:15,800,26.10,0.00
14:27:18,800,26.16,0.00
14:27:21,800,26.16,0.00
14:27:24,800,26.16,0.00
14:27:27,802,26.16,0.00
14:27:30,802,26.10,0.00
14:27:33,802,26.16,0.00
14:27:36,802,26.16,0.00
14:27:39,803,26.16,0.00
14:27:42,803,26.16,0.00
14:27:45,803,26.16,0.00
14:27:48,805,26.16,0.00
14:27:51,805,26.16,0.00
14:27:54,805,26.10,0.00
14:27:57,806,26.10,0.00
14:28:00,806,26.16,0.00
14:28:03,806,26.16,0.00
14:28:06,806,26.16,0.00
14:28:09,808,26.16,0.00
14:28:12,808,26.16,0.00
14:28:15,808,26.16,0.00
14:28:18,811,26.16,0.00
14:28:21,811,26.16,0.00
14:28:24,811,26.16,0.00
14:28:27,811,26.16,0.00
14:28:30,811,26.16,0.00
14:28:33,811,26.16,0.00
14:28:36,811,26.16,0.00
14:28:39,814,26.16,0.00
14:28:42,814,26.16,0.00
14:28:45,814,26.16,0.00
14:28:48,814,26.10,0.00
14:28:51,814,26.10,0.00
14:28:54,814,26.10,0.00
14:28:57,815,26.10,0.00
14:29:00,815,26.10,0.00
14:29:03,815,26.10,0.00
14:29:06,815,26.10,0.00
14:29:09,815,26.16,0.00
14:29:12,815,26.16,0.00
14:29:15,815,26.16,0.00
14:29:18,815,26.16,0.00
14:29:21,815,26.16,0.00
14:29:24,815,26.10,0.00
14:29:27,814,26.10,0.00
14:29:30,814,26.16,0.00
14:29:33,814,26.10,0.00
14:29:36,814,26.10,0.00
14:29:39,814,26.10,0.00
14:29:42,814,26.10,0.00
14:29:45,814,26.16,0.00
14:29:48,814,26.16,0.00
14:29:51,814,26.16,0.00
14:29:54,814,26.16,0.00
14:29:57,814,26.16,0.00
14:30:00,814,26.16,0.00
14:30:03,814,26.16,0.00
14:30:06,814,26.16,0.00
14:30:09,814,26.10,0.00
14:30:12,814,26.10,0.00
14:30:15,814,26.16,0.00
14:30:18,815,26.16,0.00
14:30:21,815,26.16,0.00
14:30:24,815,26.16,0.00
14:30:27,815,26.16,0.00
14:30:30,818,26.16,0.00
14:30:33,818,26.10,0.00
14:30:36,818,26.10,0.00
14:30:39,820,26.16,0.00
14:30:42,820,26.16,0.00
14:30:45,820,26.16,0.00
14:30:48,822,26.10,0.00
14:30:51,822,26.10,0.00
14:30:54,821,26.16,0.00
14:30:57,821,26.16,0.00
14:31:00,824,26.10,0.00
14:31:03,824,26.10,0.00
14:31:06,824,26.10,0.00
14:31:09,825,26.10,0.00
14:31:12,825,26.10,0.00
14:31:15,825,26.10,0.00
14:31:18,825,26.10,0.00
14:31:21,825,26.10,0.00
14:31:24,825,26.10,0.00
14:31:27,825,26.10,0.00
14:31:30,826,26.16,0.00
14:31:33,827,26.16,0.00
14:31:36,827,26.10,0.00
14:31:39,827,26.10,0.00
14:31:42,827,26.10,0.00
14:31:45,826,26.16,0.00
14:31:48,825,26.16,0.00
14:31:51,825,26.10,0.00
14:31:54,825,26.10,0.00
14:31:57,825,26.10,0.00
14:32:00,825,26.10,0.00
14:32:03,825,26.10,0.00
14:32:06,825,26.10,0.00
14:32:09,825,26.10,0.00
14:32:12,825,26.10,0.00
14:32:15,825,26.10,0.00
14:32:18,824,26.10,0.00
14:32:21,824,26.10,0.00
14:32:24,824,26.10,0.00
14:32:27,824,26.10,0.00
14:32:30,822,26.10,0.00
14:32:33,822,26.10,0.00
14:32:36,822,26.10,0.00
14:32:39,822,26.10,0.00
14:32:42,822,26.10,0.00
14:32:45,822,26.10,0.00
14:32:48,820,26.10,0.00
14:32:51,820,26.10,0.00
14:32:54,820,26.10,0.00
14:32:57,820,26.10,0.00
14:33:00,820,26.10,0.00
14:33:03,820,26.10,0.00
14:33:06,820,26.10,0.00
14:33:09,818,26.10,0.00
14:33:12,818,26.10,0.00
14:33:15,818,26.10,0.00
14:33:18,818,26.10,0.00
14:33:21,818,26.10,0.00
14:33:24,818,26.16,0.00
14:33:27,818,26.16,0.00
14:33:30,818,26.10,0.00
14:33:33,818,26.10,0.00
14:33:36,818,26.10,0.00
14:33:39,818,26.10,0.00
14:33:42,818,26.10,0.00
14:33:45,818,26.10,0.00
14:33:48,818,26.10,0.00
14:33:51,818,26.10,0.00
14:33:54,818,26.10,0.00
14:33:57,818,26.10,0.00
14:34:00,818,26.10,0.00
14:34:03,818,26.10,0.00
14:34:06,818,26.10,0.00
14:34:09,820,26.10,0.00
14:34:12,820,26.10,0.00
14:34:15,820,26.10,0.00
14:34:18,820,26.10,0.00
14:34:21,820,26.10,0.00
14:34:24,820,26.10,0.00
14:34:27,820,26.10,0.00
14:34:30,820,26.10,0.00
14:34:33,820,26.10,0.00
14:34:36,820,26.10,0.00
14:34:39,818,26.10,0.00
14:34:42,818,26.10,0.00
14:34:45,818,26.10,0.00
14:34:48,818,26.10,0.00
14:34:51,814,26.10,0.00
14:34:54,814,26.10,0.00
14:34:57,814,26.10,0.00
14:35:00,813,26.10,0.00
14:35:03,813,26.10,0.00
14:35:06,813,26.10,0.00
14:35:09,810,26.10,0.00
14:35:12,810,26.10,0.00
14:35:15,810,26.10,0.00
14:35:18,810,26.10,0.00
14:35:21,808,26.10,0.00
14:35:24,808,26.10,0.00
14:35:27,808,26.10,0.00
14:35:30,808,26.10,0.00
14:35:33,808,26.10,0.00
14:35:36,808,26.10,0.00
14:35:39,808,26.10,0.00
14:35:42,808,26.10,0.00
14:35:45,808,26.10,0.00
14:35:48,808,26.10,0.00
14:35:51,808,26.10,0.00
14:35:54,808,26.10,0.00
14:35:57,808,26.10,0.00
14:36:00,808,26.10,0.00
14:36:03,808,26.10,0.00
14:36:06,808,26.10,0.00
14:36:09,807,26.10,0.00
14:36:12,807,26.10,0.00
14:36:15,807,26.10,0.00
14:36:18,807,26.10,0.00
14:36:21,808,26.10,0.00
14:36:24,808,26.10,0.00
14:36:27,808,26.10,0.00
14:36:30,806,26.10,0.00
14:36:33,806,26.10,0.00
14:36:36,806,26.10,0.00
14:36:39,805,26.10,0.00
14:36:42,805,26.10,0.00
14:36:45,805,26.10,0.00
14:36:48,805,26.10,0.00
14:36:51,805,26.10,0.00
14:36:54,805,26.10,0.00
14:36:57,805,26.10,0.00
14:37:00,805,26.10,0.00
14:37:03,805,26.10,0.00
14:37:06,805,26.10,0.00
14:37:09,804,26.10,0.00
14:37:12,804,26.10,0.00
14:37:15,804,26.10,0.00
14:37:18,804,26.10,0.00
14:37:21,804,26.10,0.00
14:37:24,804,26.10,0.00
14:37:27,804,26.10,0.00
14:37:30,802,26.10,0.00
14:37:33,802,26.10,0.00
14:37:36,802,26.10,0.00
14:37:39,802,26.10,0.00
14:37:42,802,26.10,0.00
14:37:45,802,26.10,0.00
14:37:48,802,26.10,0.00
14:37:51,802,26.10,0.00
14:37:54,802,26.10,0.00
14:37:57,802,26.10,0.00
14:38:00,802,26.10,0.00
14:38:03,802,26.10,0.00
14:38:06,802,26.10,0.00
14:38:09,802,26.10,0.00
14:38:12,802,26.10,0.00
14:38:15,802,26.10,0.00
14:38:18,802,26.10,0.00
14:38:21,800,26.10,0.00
14:38:24,800,26.10,0.00
14:38:27,800,26.10,0.00
14:38:30,800,26.10,0.00
14:38:33,800,26.10,0.00
14:38:36,800,26.10,0.00
14:38:39,800,26.10,0.00
14:38:42,800,26.10,0.00
14:38:45,800,26.10,0.00
14:38:48,800,26.10,0.00
14:38:51,798,26.10,0.00
14:38:54,798,26.10,0.00
14:38:57,798,26.10,0.00
14:39:00,796,26.10,0.00
14:39:03,796,26.10,0.00
14:39:06,796,26.10,0.00
14:39:09,796,26.10,0.00
14:39:12,797,26.10,0.00
14:39:15,797,26.10,0.00
14:39:18,797,26.10,0.00
14:39:21,798,26.10,0.00
14:39:24,798,26.10,0.00
14:39:27,798,26.10,0.00
14:39:30,798,26.10,0.00
14:39:33,798,26.10,0.00
14:39:36,798,26.10,0.00
14:39:39,798,26.10,0.00
14:39:42,800,26.10,0.00
14:39:45,800,26.10,0.00
14:39:48,800,26.10,0.00
14:39:51,800,26.10,0.00
14:39:54,800,26.10,0.00
14:39:57,800,26.10,0.00
14:40:00,800,26.10,0.00
14:40:03,800,26.10,0.00
14:40:06,800,26.10,0.00
14:40:09,800,26.10,0.00
14:40:12,800,26.10,0.00
14:40:15,800,26.10,0.00
14:40:18,800,26.10,0.00
14:40:21,800,26.10,0.00
14:40:24,800,26.10,0.00
14:40:27,800,26.10,0.00
14:40:30,800,26.10,0.00
14:40:33,800,26.10,0.00
14:40:36,800,26.10,0.00
14:40:39,800,26.10,0.00
14:40:42,802,26.10,0.00
14:40:45,802,26.10,0.00
14:40:48,802,26.10,0.00
14:40:51,802,26.10,0.00
14:40:54,802,26.10,0.00
14:40:57,802,26.10,0.00
14:41:00,803,26.10,0.00
14:41:03,803,26.04,0.00
14:41:06,803,26.10,0.00
14:41:09,803,26.10,0.00
14:41:12,805,26.04,0.00
14:41:15,805,26.04,0.00
14:41:18,805,26.10,0.00
14:41:21,805,26.04,0.00
14:41:24,805,26.04,0.00
14:41:27,805,26.10,0.00
14:41:30,805,26.10,0.00
14:41:33,805,26.10,0.00
14:41:36,805,26.04,0.00
14:41:39,805,26.04,0.00
14:41:42,806,26.04,0.00
14:41:45,806,26.04,0.00
14:41:48,806,26.04,0.00
14:41:51,807,26.04,0.00
14:41:54,807,26.04,0.00
14:41:57,807,26.04,0.00
14:42:00,806,26.04,0.00
14:42:03,806,26.04,0.00
14:42:06,806,26.04,0.00
14:42:09,806,26.04,0.00
14:42:12,807,26.04,0.00
14:42:15,807,26.04,0.00
14:42:18,807,26.04,0.00
14:42:21,806,26.04,0.00
14:42:24,806,26.04,0.00
14:42:27,806,26.04,0.00
14:42:30,806,26.04,0.00
14:42:33,805,26.04,0.00
14:42:36,805,26.04,0.00
14:42:39,805,26.04,0.00
14:42:42,805,26.04,0.00
14:42:45,805,26.04,0.00
14:42:48,805,26.04,0.00
14:42:51,802,26.04,0.00
14:42:54,802,26.04,0.00
14:42:57,802,26.04,0.00
14:43:00,802,26.04,0.00
14:43:03,800,26.04,0.00
14:43:06,800,26.04,0.00
14:43:09,800,26.04,0.00
14:43:12,800,26.04,0.00
14:43:15,800,26.04,0.00
14:43:18,800,26.04,0.00
14:43:21,800,26.04,0.00
14:43:24,800,26.04,0.00
14:43:27,800,26.04,0.00
14:43:30,800,26.04,0.00
14:43:33,800,26.04,0.00
14:43:36,800,26.04,0.00
14:43:39,800,26.04,0.00
14:43:42,800,26.04,0.00
14:43:45,800,26.04,0.00
14:43:48,800,26.04,0.00
14:43:51,800,26.04,0.00
14:43:54,800,26.04,0.00
14:43:57,800,26.04,0.00
14:44:00,800,26.04,0.00
14:44:03,798,26.04,0.00
14:44:06,798,26.04,0.00
14:44:09,798,26.04,0.00
14:44:12,797,26.04,0.00
14:44:15,797,26.04,0.00
14:44:18,797,26.04,0.00
14:44:21,796,26.04,0.00
14:44:24,796,26.04,0.00
14:44:27,796,26.04,0.00
14:44:30,796,26.04,0.00
14:44:33,796,26.04,0.00
14:44:36,796,26.04,0.00
14:44:39,796,26.04,0.00
14:44:42,795,26.04,0.00
14:44:45,795,26.04,0.00
14:44:48,795,26.04,0.00
14:44:51,796,26.04,0.00
14:44:54,796,26.04,0.00
14:44:57,796,26.04,0.00
14:45:00,796,26.04,0.00
14:45:03,798,26.04,0.00
14:45:06,798,26.04,0.00
14:45:09,798,26.04,0.00
14:45:12,800,26.04,0.00
14:45:15,800,26.04,0.00
14:45:18,800,26.04,0.00
14:45:21,800,26.04,0.00
14:45:24,800,26.04,0.00
14:45:27,800,26.04,0.00
14:45:30,800,26.04,0.00
14:45:33,802,26.04,0.00
14:45:36,802,26.04,0.00
14:45:39,802,26.04,0.00
14:45:42,802,26.04,0.00
14:45:45,802,26.04,0.00
14:45:48,802,26.04,0.00
14:45:51,802,26.04,0.00
14:45:54,802,26.04,0.00
14:45:57,802,26.04,0.00
14:46:00,802,26.04,0.00
14:46:03,802,26.04,0.00
14:46:06,802,26.04,0.00
14:46:09,802,26.04,0.00
14:46:12,802,26.04,0.00
14:46:15,802,26.04,0.00
14:46:18,802,26.04,0.00
14:46:21,802,26.04,0.00
14:46:24,803,26.04,0.00
14:46:27,803,26.04,0.00
14:46:30,803,26.04,0.00
14:46:33,804,26.04,0.00
14:46:36,804,26.04,0.00
14:46:39,804,26.04,0.00
14:46:42,803,26.04,0.00
14:46:45,803,26.04,0.00
14:46:48,803,26.04,0.00
14:46:51,803,26.04,0.00
14:46:54,803,26.10,0.00
14:46:57,803,26.10,0.00
14:47:00,803,26.10,0.00
14:47:03,805,26.04,0.00
14:47:06,805,26.04,0.00
14:47:09,805,26.04,0.00
14:47:12,804,26.04,0.00
14:47:15,804,26.04,0.00
14:47:18,804,26.04,0.00
14:47:21,804,26.04,0.00
14:47:24,805,26.04,0.00
14:47:27,805,26.04,0.00
14:47:30,805,26.04,0.00
14:47:33,808,26.04,0.00
14:47:36,808,26.04,0.00
14:47:39,808,26.04,0.00
14:47:42,808,26.04,0.00
14:47:45,808,26.04,0.00
14:47:48,808,26.04,0.00
14:47:51,808,26.04,0.00
14:47:54,811,26.04,0.00
14:47:57,811,26.04,0.00
14:48:00,811,26.04,0.00
14:48:03,814,26.04,0.00
14:48:06,814,26.04,0.00
14:48:09,814,26.04,0.00
14:48:12,814,26.04,0.00
14:48:15,814,26.04,0.00
14:48:18,814,26.04,0.00
14:48:21,814,26.04,0.00
14:48:24,817,26.04,0.00
14:48:27,817,26.04,0.00
14:48:30,817,26.04,0.00
14:48:33,820,26.04,0.00
14:48:36,820,26.04,0.00
14:48:39,820,26.04,0.00
14:48:42,820,26.04,0.00
14:48:45,820,26.04,0.00
14:48:48,820,26.04,0.00
14:48:51,820,26.04,0.00
14:48:54,817,26.04,0.00
14:48:57,817,26.04,0.00
14:49:00,817,26.04,0.00
14:49:03,814,26.04,0.00
14:49:06,814,26.04,0.00
14:49:09,814,26.04,0.00
14:49:12,814,26.04,0.00
14:49:15,814,26.04,0.00
14:49:18,814,26.04,0.00
14:49:21,814,26.04,0.00
14:49:24,811,26.04,0.00
14:49:27,811,26.04,0.00
14:49:30,811,26.04,0.00
14:49:33,811,26.04,0.00
14:49:36,811,26.04,0.00
14:49:39,811,26.04,0.00
14:49:42,808,26.04,0.00
14:49:45,808,26.04,0.00
14:49:48,808,26.04,0.00
14:49:51,808,26.04,0.00
14:49:54,808,26.04,0.00
14:49:57,808,26.04,0.00
14:50:00,808,26.04,0.00
14:50:03,807,26.04,0.00
14:50:06,807,26.04,0.00
14:50:09,807,26.04,0.00
14:50:12,807,26.04,0.00
14:50:15,806,26.04,0.00
14:50:18,806,26.04,0.00
14:50:21,806,26.04,0.00
14:50:24,806,26.04,0.00
14:50:27,806,26.04,0.00
14:50:30,806,26.04,0.00
14:50:33,806,26.04,0.00
14:50:36,806,26.04,0.00
14:50:39,806,26.04,0.00
14:50:42,806,26.04,0.00
14:50:45,806,26.04,0.00
14:50:48,806,26.04,0.00
14:50:51,806,26.04,0.00
14:50:54,807,26.04,0.00
14:50:57,807,26.04,0.00
14:51:00,807,26.04,0.00
14:51:03,807,26.04,0.00
14:51:06,807,26.04,0.00
14:51:09,807,26.04,0.00
14:51:12,807,26.04,0.00
14:51:15,806,26.04,0.00
14:51:18,806,26.04,0.00
14:51:21,806,26.04,0.00
14:51:24,805,26.04,0.00
14:51:27,805,26.04,0.00
14:51:30,805,26.04,0.00
14:51:33,805,26.04,0.00
14:51:36,805,26.04,0.00
14:51:39,805,26.04,0.00
14:51:42,805,26.04,0.00
14:51:45,802,26.04,0.00
14:51:48,802,26.04,0.00
14:51:51,802,26.04,0.00
14:51:54,800,26.04,0.00
14:51:57,800,26.04,0.00
14:52:00,800,26.04,0.00
14:52:03,800,26.04,0.00
14:52:06,800,26.04,0.00
14:52:09,800,26.04,0.00
14:52:12,800,26.04,0.00
14:52:15,796,26.04,0.00
14:52:18,796,26.04,0.00
14:52:21,796,26.04,0.00
14:52:24,795,26.04,0.00
14:52:27,795,26.04,0.00
14:52:30,795,26.04,0.00
14:52:33,791,26.04,0.00
14:52:36,791,26.04,0.00
14:52:39,791,26.04,0.00
14:52:42,791,26.04,0.00
14:52:45,790,26.04,0.00
14:52:48,790,26.04,0.00
14:52:51,790,26.04,0.00
14:52:54,788,26.04,0.00
14:52:57,788,26.04,0.00
14:53:00,788,26.04,0.00
14:53:03,787,26.04,0.00
14:53:06,787,26.04,0.00
14:53:09,787,26.04,0.00
14:53:12,787,26.04,0.00
14:53:15,787,26.04,0.00
14:53:18,787,26.04,0.00
14:53:21,787,26.04,0.00
14:53:24,788,26.04,0.00
14:53:27,788,26.04,0.00
14:53:30,788,26.04,0.00
14:53:33,788,26.04,0.00
14:53:36,788,26.04,0.00
14:53:39,788,26.04,0.00
14:53:42,788,26.04,0.00
14:53:45,788,26.04,0.00
14:53:48,788,26.04,0.00
14:53:51,788,26.04,0.00
14:53:54,788,26.04,0.00
14:53:57,788,26.04,0.00
14:54:00,788,26.04,0.00
14:54:03,788,26.04,0.00
14:54:06,789,26.04,0.00
14:54:09,789,26.04,0.00
14:54:12,789,26.04,0.00
14:54:15,789,26.04,0.00
14:54:18,789,26.04,0.00
14:54:21,789,26.04,0.00
14:54:24,789,26.04,0.00
14:54:27,789,26.04,0.00
14:54:30,789,26.04,0.00
14:54:33,789,26.04,0.00
14:54:36,789,26.04,0.00
14:54:39,789,26.04,0.00
14:54:42,789,26.04,0.00
14:54:45,788,26.04,0.00
14:54:48,788,26.04,0.00
14:54:51,788,26.04,0.00
14:54:54,788,26.04,0.00
14:54:57,788,26.04,0.00
14:55:00,788,26.04,0.00
14:55:03,788,26.04,0.00
14:55:06,787,26.04,0.00
14:55:09,787,26.04,0.00
14:55:12,787,26.04,0.00
14:55:15,787,26.04,0.00
14:55:18,787,26.04,0.00
14:55:21,787,26.04,0.00
14:55:24,790,26.04,0.00
14:55:27,790,26.04,0.00
14:55:30,790,26.04,0.00
14:55:33,790,26.04,0.00
14:55:36,793,26.04,0.00
14:55:39,793,26.04,0.00
14:55:42,793,26.04,0.00
14:55:45,796,26.10,0.00
14:55:48,796,26.10,0.00
14:55:51,796,26.04,0.00
14:55:54,795,26.04,0.00
14:55:57,795,26.10,0.00
14:56:00,795,26.10,0.00
14:56:03,795,26.10,0.00
14:56:06,793,26.10,0.00
14:56:09,793,26.10,0.00
14:56:12,793,26.10,0.00
14:56:15,790,26.10,0.00
14:56:18,790,26.10,0.00
14:56:21,790,26.10,0.00
14:56:24,790,26.10,0.00
14:56:27,790,26.10,0.00
14:56:30,790,26.10,0.00
14:56:33,790,26.10,0.00
14:56:36,789,26.10,0.00
14:56:39,789,26.10,0.00
14:56:42,789,26.10,0.00
14:56:45,787,26.10,0.00
14:56:48,787,26.10,0.00
14:56:51,787,26.10,0.00
14:56:54,788,26.10,0.00
14:56:57,788,26.10,0.00
14:57:00,788,26.10,0.00
14:57:03,788,26.10,0.00
14:57:06,789,26.10,0.00
14:57:09,789,26.10,0.00
14:57:12,789,26.10,0.00
14:57:15,790,26.10,0.00
14:57:18,790,26.10,0.00
14:57:21,790,26.10,0.00
14:57:24,789,26.10,0.00
14:57:27,789,26.10,0.00
14:57:30,789,26.10,0.00
14:57:33,789,26.10,0.00
14:57:36,790,26.10,0.00
14:57:39,790,26.10,0.00
14:57:42,790,26.10,0.00
14:57:45,790,26.10,0.00
14:57:48,790,26.10,0.00
14:57:51,790,26.10,0.00
14:57:54,790,26.10,0.00
14:57:57,789,26.10,0.00
14:58:00,789,26.10,0.00
14:58:03,789,26.10,0.00
14:58:06,789,26.10,0.00
14:58:09,789,26.10,0.00
14:58:12,789,26.10,0.00
14:58:15,790,26.10,0.00
14:58:18,790,26.10,0.00
14:58:21,790,26.04,0.00
14:58:24,790,26.04,0.00
14:58:27,790,26.10,0.00
14:58:30,790,26.10,0.00
14:58:33,790,26.10,0.00
14:58:36,791,26.10,0.00
14:58:39,791,26.10,0.00
14:58:42,791,26.04,0.00
14:58:45,793,26.04,0.00
14:58:48,793,26.04,0.00
14:58:51,793,26.04,0.00
14:58:54,793,26.04,0.00
14:58:57,794,26.10,0.00
14:59:00,794,26.10,0.00
14:59:03,794,26.10,0.00
14:59:06,795,26.04,0.00
14:59:09,795,26.04,0.00
14:59:12,795,26.04,0.00
14:59:15,796,26.04,0.00
14:59:18,796,26.04,0.00
14:59:21,796,26.10,0.00
14:59:24,796,26.10,0.00
14:59:27,796,26.10,0.00
14:59:30,796,26.10,0.00
14:59:33,796,26.10,0.00
14:59:36,795,26.10,0.00
14:59:39,795,26.10,0.00
14:59:42,795,26.10,0.00
14:59:45,795,26.10,0.00
14:59:48,795,26.10,0.00
14:59:51,795,26.10,0.00
14:59:54,795,26.10,0.00
14:59:57,795,26.10,0.00
15:00:00,795,26.10,0.00
15:00:03,795,26.10,0.00
15:00:06,795,26.10,0.00
15:00:09,795,26.10,0.00
15:00:12,795,26.10,0.00
15:00:15,795,26.10,0.00
15:00:18,795,26.10,0.00
15:00:21,795,26.10,0.00
15:00:24,795,26.10,0.00
15:00:27,795,26.10,0.00
15:00:30,795,26.10,0.00
15:00:33,795,26.10,0.00
15:00:36,794,26.10,0.00
15:00:39,794,26.10,0.00
15:00:42,794,26.10,0.00
15:00:45,793,26.10,0.00
15:00:48,793,26.10,0.00
15:00:51,793,26.10,0.00
15:00:54,793,26.10,0.00
15:00:57,793,26.10,0.00
15:01:00,793,26.10,0.00
15:01:03,793,26.10,0.00
15:01:06,793,26.10,0.00
15:01:09,793,26.10,0.00
15:01:12,793,26.10,0.00
15:01:15,795,26.10,0.00
15:01:18,795,26.10,0.00
15:01:21,795,26.10,0.00
15:01:24,795,26.10,0.00
15:01:27,796,26.10,0.00
15:01:30,796,26.10,0.00
15:01:33,796,26.10,0.00
15:01:36,797,26.10,0.00
15:01:39,797,26.10,0.00
15:01:42,797,26.10,0.00
15:01:45,797,26.10,0.00
15:01:48,800,26.10,0.00
15:01:51,800,26.10,0.00
15:01:54,800,26.10,0.00
15:01:57,800,26.10,0.00
15:02:00,800,26.10,0.00
15:02:03,800,26.10,0.00
15:02:06,802,26.10,0.00
15:02:09,802,26.10,0.00
15:02:12,802,26.10,0.00
15:02:15,802,26.10,0.00
15:02:18,802,26.10,0.00
15:02:21,802,26.10,0.00
15:02:24,802,26.10,0.00
15:02:27,805,26.10,0.00
15:02:30,805,26.10,0.00
15:02:33,805,26.10,0.00
15:02:36,806,26.10,0.00
15:02:39,806,26.10,0.00
15:02:42,806,26.10,0.00
15:02:45,806,26.10,0.00
15:02:48,808,26.10,0.00
15:02:51,808,26.10,0.00
15:02:54,808,26.10,0.00
15:02:57,811,26.10,0.00
15:03:00,811,26.10,0.00
15:03:03,811,26.10,0.00
15:03:06,814,26.10,0.00
15:03:09,814,26.10,0.00
15:03:12,814,26.10,0.00
15:03:15,814,26.10,0.00
15:03:18,817,26.10,0.00
15:03:21,817,26.10,0.00
15:03:24,817,26.10,0.00
15:03:27,820,26.10,0.00
15:03:30,820,26.10,0.00
15:03:33,820,26.10,0.00
15:03:36,821,26.10,0.00
15:03:39,821,26.10,0.00
15:03:42,821,26.10,0.00
15:03:45,821,26.10,0.00
15:03:48,822,26.10,0.00
15:03:51,822,26.10,0.00
15:03:54,822,26.10,0.00
15:03:57,824,26.10,0.00
15:04:00,824,26.10,0.00
15:04:03,824,26.10,0.00
15:04:06,824,26.10,0.00
15:04:09,824,26.10,0.00
15:04:12,824,26.10,0.00
15:04:15,824,26.10,0.00
15:04:18,822,26.10,0.00
15:04:21,822,26.10,0.00
15:04:24,822,26.10,0.00
15:04:27,821,26.10,0.00
15:04:30,821,26.10,0.00
15:04:33,821,26.10,0.00
15:04:36,821,26.10,0.00
15:04:39,821,26.10,0.00
15:04:42,821,26.10,0.00
15:04:45,821,26.10,0.00
15:04:48,820,26.10,0.00
15:04:51,820,26.10,0.00
15:04:54,820,26.10,0.00
15:04:57,820,26.10,0.00
15:05:00,820,26.10,0.00
15:05:03,820,26.10,0.00
15:05:06,820,26.10,0.00
15:05:09,820,26.10,0.00
15:05:12,820,26.10,0.00
15:05:15,820,26.10,0.00
15:05:18,820,26.10,0.00
15:05:21,820,26.10,0.00
15:05:24,820,26.10,0.00
15:05:27,821,26.10,0.00
15:05:30,821,26.10,0.00
15:05:33,821,26.10,0.00
15:05:36,822,26.10,0.00
15:05:39,822,26.10,0.00
15:05:42,822,26.10,0.00
15:05:45,822,26.10,0.00
15:05:48,825,26.10,0.00
15:05:51,825,26.10,0.00
15:05:54,825,26.10,0.00
15:05:57,827,26.10,0.00
15:06:00,827,26.10,0.00
15:06:03,827,26.10,0.00
15:06:06,827,26.10,0.00
15:06:09,830,26.10,0.00
15:06:12,830,26.10,0.00
15:06:15,830,26.10,0.00
15:06:18,831,26.10,0.00
15:06:21,831,26.10,0.00
15:06:24,831,26.10,0.00
15:06:27,832,26.10,0.00
15:06:30,832,26.10,0.00
15:06:33,832,26.10,0.00
15:06:36,832,26.10,0.00
15:06:39,832,26.10,0.00
15:06:42,832,26.10,0.00
15:06:45,832,26.10,0.00
15:06:48,832,26.10,0.00
15:06:51,832,26.10,0.00
15:06:54,832,26.10,0.00
15:06:57,832,26.10,0.00
15:07:00,832,26.10,0.00
15:07:03,832,26.10,0.00
15:07:06,832,26.10,0.00
15:07:09,832,26.10,0.00
15:07:12,832,26.10,0.00
15:07:15,832,26.10,0.00
15:07:18,832,26.10,0.00
15:07:21,832,26.10,0.00
15:07:24,831,26.16,0.00
15:07:27,832,26.16,0.00
15:07:30,832,26.10,0.00
15:07:33,832,26.10,0.00
15:07:36,832,26.10,0.00
15:07:39,830,26.16,0.00
15:07:42,830,26.16,0.00
15:07:45,830,26.16,0.00
15:07:48,830,26.16,0.00
15:07:51,830,26.16,0.00
15:07:54,830,26.16,0.00
15:07:57,830,26.16,0.00
15:08:00,830,26.10,0.00
15:08:03,829,26.16,0.00
15:08:06,829,26.16,0.00
15:08:09,827,26.16,0.00
15:08:12,827,26.16,0.00
15:08:15,827,26.16,0.00
15:08:18,824,26.16,0.00
15:08:21,824,26.16,0.00
15:08:24,824,26.16,0.00
15:08:27,823,26.16,0.00
15:08:30,823,26.16,0.00
15:08:33,823,26.16,0.00
15:08:36,823,26.16,0.00
15:08:39,823,26.16,0.00
15:08:42,823,26.16,0.00
15:08:45,823,26.16,0.00
15:08:48,820,26.16,0.00
15:08:51,820,26.16,0.00
15:08:54,820,26.16,0.00
15:08:57,820,26.16,0.00
15:09:00,820,26.16,0.00
15:09:03,820,26.16,0.00
15:09:06,820,26.16,0.00
15:09:09,817,26.16,0.00
15:09:12,817,26.16,0.00
15:09:15,817,26.16,0.00
15:09:18,814,26.16,0.00
15:09:21,814,26.16,0.00
15:09:24,814,26.16,0.00
15:09:27,814,26.16,0.00
15:09:30,814,26.16,0.00
15:09:33,814,26.16,0.00
15:09:36,814,26.16,0.00
15:09:39,814,26.16,0.00
15:09:42,814,26.16,0.00
15:09:45,814,26.16,0.00
15:09:48,814,26.16,0.00
15:09:51,814,26.16,0.00
15:09:54,814,26.16,0.00
15:09:57,814,26.16,0.00
15:10:00,814,26.16,0.00
15:10:03,814,26.16,0.00
15:10:06,814,26.16,0.00
15:10:09,814,26.16,0.00
15:10:12,814,26.16,0.00
15:10:15,814,26.16,0.00
15:10:18,813,26.16,0.00
15:10:21,813,26.16,0.00
15:10:24,813,26.16,0.00
15:10:27,813,26.16,0.00
15:10:30,811,26.16,0.00
15:10:33,811,26.16,0.00
15:10:36,811,26.16,0.00
15:10:39,810,26.16,0.00
15:10:42,810,26.16,0.00
15:10:45,810,26.23,0.00
15:10:48,807,26.16,0.00
15:10:51,807,26.16,0.00
15:10:54,807,26.16,0.00
15:10:57,807,26.16,0.00
15:11:00,805,26.16,0.00
15:11:03,805,26.23,0.00
15:11:06,805,26.23,0.00
15:11:09,803,26.16,0.00
15:11:12,803,26.16,0.00
15:11:15,803,26.16,0.00
15:11:18,803,26.16,0.00
15:11:21,803,26.16,0.00
15:11:24,803,26.23,0.00
15:11:27,803,26.23,0.00
15:11:30,802,26.23,0.00
15:11:33,802,26.23,0.00
15:11:36,802,26.23,0.00
15:11:39,802,26.23,0.00
15:11:42,802,26.23,0.00
15:11:45,802,26.23,0.00
15:11:48,800,26.23,0.00
15:11:51,800,26.23,0.00
15:11:54,800,26.23,0.00
15:11:57,800,26.23,0.00
15:12:00,800,26.23,0.00
15:12:03,800,26.23,0.00
15:12:06,800,26.23,0.00
15:12:09,798,26.23,0.00
15:12:12,798,26.23,0.00
15:12:15,798,26.23,0.00
15:12:18,796,26.23,0.00
15:12:21,796,26.23,0.00
15:12:24,796,26.23,0.00
15:12:27,796,26.23,0.00
15:12:30,795,26.23,0.00
15:12:33,795,26.23,0.00
15:12:36,795,26.23,0.00
15:12:39,793,26.16,0.00
15:12:42,793,26.16,0.00
15:12:45,793,26.23,0.00
15:12:48,790,26.23,0.00
15:12:51,790,26.16,0.00
15:12:54,790,26.23,0.00
15:12:57,790,26.23,0.00
15:13:00,790,26.16,0.00
15:13:03,790,26.16,0.00
15:13:06,790,26.23,0.00
15:13:09,790,26.23,0.00
15:13:12,790,26.23,0.00
15:13:15,790,26.16,0.00
15:13:18,790,26.16,0.00
15:13:21,790,26.16,0.00
15:13:24,790,26.23,0.00
15:13:27,790,26.23,0.00
15:13:30,791,26.16,0.00
15:13:33,791,26.16,0.00
15:13:36,791,26.16,0.00
15:13:39,793,26.16,0.00
15:13:42,793,26.16,0.00
15:13:45,793,26.16,0.00
15:13:48,793,26.16,0.00
15:13:51,793,26.16,0.00
15:13:54,793,26.16,0.00
15:13:57,793,26.16,0.00
15:14:00,793,26.16,0.00
15:14:03,793,26.16,0.00
15:14:06,793,26.16,0.00
15:14:09,795,26.16,0.00
15:14:12,795,26.16,0.00
15:14:15,795,26.16,0.00
15:14:18,795,26.16,0.00
15:14:21,795,26.16,0.00
15:14:24,795,26.16,0.00
15:14:27,795,26.16,0.00
15:14:30,798,26.16,0.00
15:14:33,798,26.16,0.00
15:14:36,798,26.16,0.00
15:14:39,800,26.16,0.00
15:14:42,800,26.16,0.00
15:14:45,800,26.16,0.00
15:14:48,800,26.16,0.00
15:14:51,802,26.16,0.00
15:14:54,802,26.16,0.00
15:14:57,802,26.16,0.00
15:15:00,802,26.16,0.00
15:15:03,802,26.16,0.00
15:15:06,802,26.16,0.00
15:15:09,802,26.16,0.00
15:15:12,802,26.16,0.00
15:15:15,802,26.16,0.00
15:15:18,802,26.16,0.00
15:15:21,800,26.16,0.00
15:15:24,800,26.16,0.00
15:15:27,800,26.16,0.00
15:15:30,800,26.16,0.00
15:15:33,800,26.16,0.00
15:15:36,800,26.16,0.00
15:15:39,800,26.16,0.00
15:15:42,800,26.16,0.00
15:15:45,800,26.16,0.00
15:15:48,800,26.16,0.00
15:15:51,802,26.16,0.00
15:15:54,802,26.16,0.00
15:15:57,802,26.16,0.00
15:16:00,802,26.16,0.00
15:16:03,802,26.16,0.00
15:16:06,802,26.16,0.00
15:16:09,803,26.16,0.00
15:16:12,803,26.16,0.00
15:16:15,803,26.16,0.00
15:16:18,803,26.16,0.00
15:16:21,803,26.16,0.00
15:16:24,803,26.16,0.00
15:16:27,803,26.16,0.00
15:16:30,802,26.16,0.00
15:16:33,802,26.16,0.00
15:16:36,802,26.16,0.00
15:16:39,802,26.16,0.00
15:16:42,802,26.16,0.00
15:16:45,802,26.16,0.00
15:16:48,802,26.16,0.00
15:16:51,802,26.16,0.00
15:16:54,802,26.16,0.00
15:16:57,802,26.16,0.00
15:17:00,802,26.16,0.00
15:17:03,802,26.16,0.00
15:17:06,802,26.10,0.00
15:17:09,803,26.10,0.00
15:17:12,803,26.10,0.00
15:17:15,803,26.10,0.00
15:17:18,803,26.10,0.00
15:17:21,805,26.16,0.00
15:17:24,805,26.16,0.00
15:17:27,805,26.10,0.00
15:17:30,805,26.10,0.00
15:17:33,805,26.10,0.00
15:17:36,805,26.10,0.00
15:17:39,805,26.10,0.00
15:17:42,805,26.10,0.00
15:17:45,805,26.10,0.00
15:17:48,805,26.10,0.00
15:17:51,805,26.10,0.00
15:17:54,805,26.10,0.00
15:17:57,805,26.10,0.00
15:18:00,804,26.10,0.00
15:18:03,804,26.10,0.00
15:18:06,804,26.10,0.00
15:18:09,804,26.10,0.00
15:18:12,802,26.10,0.00
15:18:15,802,26.10,0.00
15:18:18,802,26.10,0.00
15:18:21,800,26.10,0.00
15:18:24,800,26.10,0.00
15:18:27,800,26.10,0.00
15:18:30,800,26.10,0.00
15:18:33,800,26.10,0.00
15:18:36,800,26.10,0.00
15:18:39,800,26.10,0.00
15:18:42,800,26.10,0.00
15:18:45,800,26.10,0.00
15:18:48,800,26.10,0.00
15:18:51,800,26.10,0.00
15:18:54,800,26.10,0.00
15:18:57,800,26.10,0.00
15:19:00,802,26.10,0.00
15:19:03,802,26.10,0.00
15:19:06,802,26.10,0.00
15:19:09,802,26.10,0.00
15:19:12,805,26.10,0.00
15:19:15,805,26.10,0.00
15:19:18,805,26.10,0.00
15:19:21,805,26.04,0.00
15:19:24,805,26.04,0.00
15:19:27,805,26.10,0.00
15:19:30,806,26.10,0.00
15:19:33,806,26.10,0.00
15:19:36,806,26.10,0.00
15:19:39,806,26.10,0.00
15:19:42,808,26.10,0.00
15:19:45,808,26.10,0.00
15:19:48,808,26.10,0.00
15:19:51,810,26.04,0.00
15:19:54,810,26.04,0.00
15:19:57,810,26.10,0.00
15:20:00,811,26.10,0.00
15:20:03,811,26.10,0.00
15:20:06,811,26.10,0.00
15:20:09,811,26.10,0.00
15:20:12,814,26.04,0.00
15:20:15,814,26.04,0.00
15:20:18,814,26.04,0.00
15:20:21,818,26.10,0.00
15:20:24,818,26.10,0.00
15:20:27,818,26.04,0.00
15:20:30,820,26.04,0.00
15:20:33,820,26.10,0.00
15:20:36,820,26.04,0.00
15:20:39,820,26.04,0.00
15:20:42,824,26.04,0.00
15:20:45,824,26.04,0.00
15:20:48,824,26.04,0.00
15:20:51,825,26.04,0.00
15:20:54,825,26.04,0.00
15:20:57,825,26.04,0.00
15:21:00,827,26.04,0.00
15:21:03,827,26.04,0.00
15:21:06,827,26.04,0.00
15:21:09,827,26.04,0.00
15:21:12,827,26.04,0.00
15:21:15,827,26.04,0.00
15:21:18,827,26.04,0.00
15:21:21,830,26.04,0.00
15:21:24,830,26.04,0.00
15:21:27,830,26.04,0.00
15:21:30,830,26.04,0.00
15:21:33,830,26.04,0.00
15:21:36,830,26.04,0.00
15:21:39,830,26.04,0.00
15:21:42,828,26.04,0.00
15:21:45,828,26.04,0.00
15:21:48,828,26.04,0.00
15:21:51,827,26.04,0.00
15:21:54,827,26.04,0.00
15:21:57,827,26.04,0.00
15:22:00,827,26.04,0.00
15:22:03,827,26.04,0.00
15:22:06,827,26.04,0.00
15:22:09,827,26.04,0.00
15:22:12,824,26.04,0.00
15:22:15,824,26.04,0.00
15:22:18,824,26.04,0.00
15:22:21,824,26.04,0.00
15:22:24,824,26.04,0.00
15:22:27,824,26.04,0.00
15:22:30,824,26.04,0.00
15:22:33,821,26.04,0.00
15:22:36,821,25.98,0.00
15:22:39,821,25.98,0.00
15:22:42,821,26.04,0.00
15:22:45,821,26.04,0.00
15:22:48,821,26.04,0.00
15:22:51,820,26.04,0.00
15:22:54,820,26.04,0.00
15:22:57,820,26.04,0.00
15:23:00,820,26.04,0.00
15:23:03,820,26.04,0.00
15:23:06,820,26.04,0.00
15:23:09,820,26.04,0.00
15:23:12,818,26.04,0.00
15:23:15,818,26.04,0.00
15:23:18,818,25.98,0.00
15:23:21,818,25.98,0.00
15:23:24,818,25.98,0.00
15:23:27,818,25.98,0.00
15:23:30,818,25.98,0.00
15:23:33,817,25.98,0.00
15:23:36,817,25.98,0.00
15:23:39,817,25.98,0.00
15:23:42,814,25.98,0.00
15:23:45,814,25.98,0.00
15:23:48,814,25.98,0.00
15:23:51,814,25.98,0.00
15:23:54,814,25.98,0.00
15:23:57,814,25.98,0.00
15:24:00,814,25.98,0.00
15:24:03,814,25.98,0.00
15:24:06,814,25.98,0.00
15:24:09,814,25.98,0.00
15:24:12,814,25.98,0.00
15:24:15,814,25.98,0.00
15:24:18,814,25.98,0.00
15:24:21,814,25.98,0.00
15:24:24,814,25.98,0.00
15:24:27,814,25.98,0.00
15:24:30,814,25.98,0.00
15:24:33,814,25.98,0.00
15:24:36,814,25.98,0.00
15:24:39,814,25.98,0.00
15:24:42,817,25.98,0.00
15:24:45,817,25.98,0.00
15:24:48,817,25.98,0.00
15:24:51,817,25.98,0.00
15:24:54,817,25.98,0.00
15:24:57,817,25.98,0.00
15:25:00,817,25.98,0.00
15:25:03,818,25.98,0.00
15:25:06,818,25.98,0.00
15:25:09,818,25.98,0.00
15:25:12,818,25.98,0.00
15:25:15,818,25.98,0.00
15:25:18,818,25.98,0.00
15:25:21,818,25.98,0.00
15:25:24,818,25.98,0.00
15:25:27,818,25.98,0.00
15:25:30,818,25.98,0.00
15:25:33,820,25.98,0.00
15:25:36,820,25.98,0.00
15:25:39,820,25.98,0.00
15:25:42,818,25.98,0.00
15:25:45,818,25.98,0.00
15:25:48,818,25.98,0.00
15:25:51,818,25.98,0.00
15:25:54,818,25.98,0.00
15:25:57,818,25.98,0.00
15:26:00,818,25.98,0.00
15:26:03,817,25.98,0.00
15:26:06,817,25.98,0.00
15:26:09,817,25.98,0.00
15:26:12,817,25.98,0.00
15:26:15,817,25.98,0.00
15:26:18,817,25.98,0.00
15:26:21,817,25.98,0.00
15:26:24,818,25.98,0.00
15:26:27,818,25.98,0.00
15:26:30,818,25.98,0.00
15:26:33,818,25.98,0.00
15:26:36,818,25.98,0.00
15:26:39,818,25.98,0.00
15:26:42,820,25.98,0.00
15:26:45,820,25.98,0.00
15:26:48,820,25.98,0.00
15:26:51,820,25.98,0.00
15:26:54,820,25.98,0.00
15:26:57,820,25.98,0.00
15:27:00,820,25.98,0.00
15:27:03,821,25.98,0.00
15:27:06,821,25.98,0.00
15:27:09,821,25.98,0.00
15:27:12,821,25.98,0.00
15:27:15,821,25.98,0.00
15:27:18,821,25.98,0.00
15:27:21,821,25.98,0.00
15:27:24,824,25.98,0.00
15:27:27,824,25.98,0.00
15:27:30,824,25.98,0.00
15:27:33,825,25.98,0.00
15:27:36,825,25.98,0.00
15:27:39,825,25.98,0.00
15:27:42,825,25.98,0.00
15:27:45,825,25.98,0.00
15:27:48,825,25.98,0.00
15:27:51,825,25.98,0.00
15:27:54,827,25.98,0.00
15:27:57,827,25.98,0.00
15:28:00,827,25.98,0.00
15:28:03,827,25.98,0.00
15:28:06,827,25.98,0.00
15:28:09,827,25.98,0.00
15:28:12,825,25.98,0.00
15:28:15,825,25.98,0.00
15:28:18,825,25.98,0.00
15:28:21,825,25.98,0.00
15:28:24,825,25.98,0.00
15:28:27,825,25.98,0.00
15:28:30,825,25.98,0.00
15:28:33,827,25.98,0.00
15:28:36,827,25.98,0.00
15:28:39,827,25.98,0.00
15:28:42,827,25.98,0.00
15:28:45,827,25.98,0.00
15:28:48,827,25.98,0.00
15:28:51,827,25.98,0.00
15:28:54,830,25.98,0.00
15:28:57,830,25.98,0.00
15:29:00,830,25.98,0.00
15:29:03,830,25.98,0.00
15:29:06,830,25.98,0.00
15:29:09,830,25.91,0.00
15:29:12,830,25.91,0.00
15:29:15,831,25.98,0.00
15:29:18,831,25.91,0.00
15:29:21,831,25.91,0.00
15:29:24,831,25.91,0.00
15:29:27,831,25.91,0.00
15:29:30,831,25.91,0.00
15:29:33,832,25.91,0.00
15:29:36,832,25.91,0.00
15:29:39,832,25.91,0.00
15:29:42,832,25.91,0.00
15:29:45,832,25.91,0.00
15:29:48,832,25.91,0.00
15:29:51,832,25.91,0.00
15:29:54,832,25.91,0.00
15:29:57,832,25.91,0.00
15:30:00,832,25.98,0.00
15:30:03,832,25.98,0.00
15:30:06,832,25.98,0.00
15:30:09,832,25.91,0.00
15:30:12,832,25.91,0.00
15:30:15,832,25.91,0.00
15:30:18,832,25.91,0.00
15:30:21,832,25.91,0.00
15:30:24,832,25.91,0.00
15:30:27,832,25.91,0.00
15:30:30,832,25.91,0.00
15:30:33,832,25.91,0.00
15:30:36,832,25.91,0.00
15:30:39,832,25.91,0.00
15:30:42,832,25.91,0.00
15:30:45,832,25.91,0.00
15:30:48,832,25.91,0.00
15:30:51,832,25.91,0.00
15:30:54,835,25.91,0.00
15:30:57,835,25.91,0.00
15:31:00,835,25.91,0.00
15:31:03,834,25.91,0.00
15:31:06,834,25.91,0.00
15:31:09,834,25.98,0.00
15:31:12,834,25.98,0.00
15:31:15,834,25.91,0.00
15:31:18,834,25.91,0.00
15:31:21,834,25.91,0.00
15:31:24,832,25.91,0.00
15:31:27,832,25.91,0.00
15:31:30,832,25.91,0.00
15:31:33,832,25.91,0.00
15:31:36,832,25.91,0.00
15:31:39,832,25.91,0.00
15:31:42,832,25.91,0.00
15:31:45,832,25.91,0.00
15:31:48,832,25.91,0.00
15:31:51,832,25.91,0.00
15:31:54,832,25.91,0.00
15:31:57,832,25.91,0.00
15:32:00,832,25.91,0.00
15:32:03,832,25.91,0.00
15:32:06,832,25.91,0.00
15:32:09,832,25.91,0.00
15:32:12,832,25.91,0.00
15:32:15,834,25.91,0.00
15:32:18,834,25.91,0.00
15:32:21,834,25.91,0.00
15:32:24,835,25.91,0.00
15:32:27,835,25.91,0.00
15:32:30,835,25.91,0.00
15:32:33,835,25.91,0.00
15:32:36,835,25.91,0.00
15:32:39,835,25.91,0.00
15:32:42,835,25.91,0.00
15:32:45,836,25.91,0.00
15:32:48,836,25.91,0.00
15:32:51,836,25.91,0.00
15:32:54,836,25.91,0.00
15:32:57,836,25.91,0.00
15:33:00,836,25.91,0.00
15:33:03,836,25.91,0.00
15:33:06,836,25.91,0.00
15:33:09,836,25.91,0.00
15:33:12,836,25.91,0.00
15:33:15,834,25.91,0.00
15:33:18,834,25.91,0.00
15:33:21,834,25.91,0.00
15:33:24,832,25.91,0.00
15:33:27,832,25.91,0.00
15:33:30,832,25.91,0.00
15:33:33,832,25.91,0.00
15:33:36,834,25.91,0.00
15:33:39,834,25.91,0.00
15:33:42,834,25.91,0.00
15:33:45,835,25.91,0.00
15:33:48,835,25.91,0.00
15:33:51,835,25.91,0.00
15:33:54,835,25.91,0.00
15:33:57,835,25.91,0.00
15:34:00,835,25.91,0.00
15:34:03,835,25.91,0.00
15:34:06,835,25.91,0.00
15:34:09,835,25.91,0.00
15:34:12,835,25.91,0.00
15:34:15,832,25.91,0.00
15:34:18,832,25.91,0.00
15:34:21,832,25.91,0.00
15:34:24,832,25.91,0.00
15:34:27,832,25.91,0.00
15:34:30,832,25.91,0.00
15:34:33,832,25.91,0.00
15:34:36,832,25.91,0.00
15:34:39,832,25.91,0.00
15:34:42,832,25.91,0.00
15:34:45,831,25.91,0.00
15:34:48,831,25.91,0.00
15:34:51,831,25.91,0.00
15:34:54,831,25.91,0.00
15:34:57,831,25.91,0.00
15:35:00,831,25.91,0.00
15:35:03,831,25.91,0.00
15:35:06,830,25.91,0.00
15:35:09,830,25.91,0.00
15:35:12,830,25.91,0.00
15:35:15,827,25.91,0.00
15:35:18,827,25.91,0.00
15:35:21,827,25.91,0.00
15:35:24,827,25.91,0.00
15:35:27,827,25.91,0.00
15:35:30,827,25.91,0.00
15:35:33,827,25.91,0.00
15:35:36,825,25.91,0.00
15:35:39,825,25.91,0.00
15:35:42,825,25.91,0.00
15:35:45,825,25.91,0.00
15:35:48,825,25.91,0.00
15:35:51,825,25.91,0.00
15:35:54,827,25.91,0.00
15:35:57,827,25.91,0.00
15:36:00,827,25.91,0.00
15:36:03,827,25.91,0.00
15:36:06,827,25.91,0.00
15:36:09,827,25.91,0.00
15:36:12,827,25.91,0.00
15:36:15,827,25.91,0.00
15:36:18,827,25.91,0.00
15:36:21,827,25.91,0.00
15:36:24,830,25.91,0.00
15:36:27,830,25.91,0.00
15:36:30,830,25.91,0.00
15:36:33,830,25.91,0.00
15:36:36,831,25.91,0.00
15:36:39,831,25.91,0.00
15:36:42,831,25.91,0.00
15:36:45,832,25.91,0.00
15:36:48,832,25.91,0.00
15:36:51,832,25.91,0.00
15:36:54,832,25.91,0.00
15:36:57,832,25.91,0.00
15:37:00,832,25.91,0.00
15:37:03,832,25.91,0.00
15:37:06,835,25.85,0.00
15:37:09,835,25.85,0.00
15:37:12,835,25.91,0.00
15:37:15,836,25.91,0.00
15:37:18,836,25.91,0.00
15:37:21,836,25.91,0.00
15:37:24,836,25.91,0.00
15:37:27,838,25.91,0.00
15:37:30,838,25.91,0.00
15:37:33,838,25.91,0.00
15:37:36,838,25.91,0.00
15:37:39,838,25.91,0.00
15:37:42,838,25.91,0.00
15:37:45,840,25.91,0.00
15:37:48,840,25.91,0.00
15:37:51,840,25.91,0.00
15:37:54,840,25.91,0.00
15:37:57,838,25.91,0.00
15:38:00,838,25.85,0.00
15:38:03,838,25.85,0.00
15:38:06,838,25.91,0.00
15:38:09,838,25.91,0.00
15:38:12,838,25.85,0.00
15:38:15,836,25.85,0.00
15:38:18,836,25.91,0.00
15:38:21,836,25.91,0.00
15:38:24,836,25.91,0.00
15:38:27,835,25.91,0.00
15:38:30,835,25.91,0.00
15:38:33,835,25.85,0.00
15:38:36,834,25.91,0.00
15:38:39,834,25.91,0.00
15:38:42,834,25.85,0.00
15:38:45,832,25.85,0.00
15:38:48,832,25.91,0.00
15:38:51,832,25.91,0.00
15:38:54,832,25.91,0.00
15:38:57,832,25.85,0.00
15:39:00,832,25.85,0.00
15:39:03,832,25.85,0.00
15:39:06,835,25.85,0.00
15:39:09,835,25.85,0.00
15:39:12,835,25.85,0.00
15:39:15,836,25.85,0.00
15:39:18,836,25.85,0.00
15:39:21,836,25.91,0.00
15:39:24,836,25.91,0.00
15:39:27,838,25.91,0.00
15:39:30,838,25.91,0.00
15:39:33,838,25.85,0.00
15:39:36,838,25.91,0.00
15:39:39,838,25.91,0.00
15:39:42,838,25.85,0.00
15:39:45,840,25.85,0.00
15:39:48,840,25.85,0.00
15:39:51,840,25.85,0.00
15:39:54,840,25.85,0.00
15:39:57,840,25.91,0.00
15:40:00,840,25.91,0.00
15:40:03,840,25.85,0.00
15:40:06,841,25.85,0.00
15:40:09,841,25.85,0.00
15:40:12,841,25.85,0.00
15:40:15,841,25.85,0.00
15:40:18,841,25.85,0.00
15:40:21,841,25.85,0.00
15:40:24,841,25.85,0.00
15:40:27,841,25.85,0.00
15:40:30,841,25.85,0.00
15:40:33,841,25.85,0.00
15:40:36,842,25.85,0.00
15:40:39,842,25.85,0.00
15:40:42,842,25.85,0.00
15:40:45,842,25.85,0.00
15:40:48,841,25.85,0.00
15:40:51,841,25.85,0.00
15:40:54,841,25.85,0.00
15:40:57,842,25.85,0.00
15:41:00,842,25.85,0.00
15:41:03,842,25.85,0.00
15:41:06,841,25.85,0.00
15:41:09,841,25.85,0.00
15:41:12,841,25.85,0.00
15:41:15,841,25.85,0.00
15:41:18,842,25.85,0.00
15:41:21,842,25.85,0.00
15:41:24,842,25.85,0.00
15:41:27,842,25.85,0.00
15:41:30,842,25.85,0.00
15:41:33,842,25.85,0.00
15:41:36,842,25.85,0.00
15:41:39,842,25.85,0.00
15:41:42,842,25.85,0.00
15:41:45,842,25.85,0.00
15:41:48,842,25.85,0.00
15:41:51,842,25.85,0.00
15:41:54,842,25.85,0.00
15:41:57,841,25.85,0.00
15:42:00,841,25.85,0.00
15:42:03,841,25.85,0.00
15:42:06,841,25.85,0.00
15:42:09,841,25.85,0.00
15:42:12,841,25.85,0.00
15:42:15,841,25.85,0.00
15:42:18,841,25.85,0.00
15:42:21,841,25.85,0.00
15:42:24,841,25.85,0.00
15:42:27,842,25.85,0.00
15:42:30,842,25.85,0.00
15:42:33,842,25.85,0.00
15:42:36,840,25.85,0.00
15:42:39,840,25.79,0.00
15:42:42,840,25.85,0.00
15:42:45,840,25.85,0.00
15:42:48,842,25.85,0.00
15:42:51,842,25.85,0.00
15:42:54,842,25.79,0.00
15:42:57,842,25.79,0.00
15:43:00,842,25.79,0.00
15:43:03,842,25.85,0.00
15:43:06,842,25.85,0.00
15:43:09,842,25.79,0.00
15:43:12,842,25.79,0.00
15:43:15,842,25.79,0.00
15:43:18,842,25.79,0.00
15:43:21,842,25.79,0.00
15:43:24,842,25.79,0.00
15:43:27,842,25.79,0.00
15:43:30,842,25.79,0.00
15:43:33,842,25.79,0.00
15:43:36,842,25.79,0.00
15:43:39,842,25.79,0.00
15:43:42,842,25.79,0.00
15:43:45,842,25.79,0.00
15:43:48,844,25.79,0.00
15:43:51,844,25.79,0.00
15:43:54,844,25.79,0.00
15:43:57,844,25.79,0.00
15:44:00,844,25.79,0.00
15:44:03,844,25.79,0.00
15:44:06,844,25.79,0.00
15:44:09,844,25.79,0.00
15:44:12,844,25.79,0.00
15:44:15,844,25.79,0.00
15:44:18,845,25.79,0.00
15:44:21,845,25.79,0.00
15:44:24,845,25.79,0.00
15:44:27,845,25.79,0.00
15:44:30,845,25.79,0.00
15:44:33,845,25.79,0.00
15:44:36,845,25.79,0.00
15:44:39,847,25.79,0.00
15:44:42,847,25.79,0.00
15:44:45,847,25.79,0.00
15:44:48,847,25.79,0.00
15:44:51,847,25.79,0.00
15:44:54,847,25.79,0.00
15:44:57,848,25.79,0.00
15:45:00,848,25.79,0.00
15:45:03,848,25.79,0.00
15:45:06,848,25.79,0.00
15:45:09,849,25.79,0.00
15:45:12,849,25.79,0.00
15:45:15,849,25.79,0.00
15:45:18,849,25.79,0.00
15:45:21,849,25.79,0.00
15:45:24,849,25.79,0.00
15:45:27,851,25.79,0.00
15:45:30,851,25.79,0.00
15:45:33,851,25.79,0.00
15:45:36,851,25.79,0.00
15:45:39,851,25.79,0.00
15:45:42,851,25.79,0.00
15:45:45,851,25.79,0.00
15:45:48,851,25.79,0.00
15:45:51,851,25.79,0.00
15:45:54,851,25.79,0.00
15:45:57,854,25.79,0.00
15:46:00,854,25.79,0.00
15:46:03,854,25.79,0.00
15:46:06,854,25.79,0.00
15:46:09,854,25.79,0.00
15:46:12,854,25.79,0.00
15:46:15,854,25.79,0.00
15:46:18,854,25.79,0.00
15:46:21,854,25.79,0.00
15:46:24,854,25.79,0.00
15:46:27,852,25.79,0.00
15:46:30,852,25.79,0.00
15:46:33,852,25.79,0.00
15:46:36,852,25.79,0.00
15:46:39,851,25.79,0.00
15:46:42,851,25.79,0.00
15:46:45,851,25.79,0.00
15:46:48,849,25.79,0.00
15:46:51,849,25.79,0.00
15:46:54,849,25.79,0.00
15:46:57,849,25.79,0.00
15:47:00,849,25.79,0.00
15:47:03,849,25.79,0.00
15:47:06,849,25.79,0.00
15:47:09,851,25.79,0.00
15:47:12,851,25.79,0.00
15:47:15,851,25.79,0.00
15:47:18,851,25.79,0.00
15:47:21,851,25.79,0.00
15:47:24,851,25.79,0.00
15:47:27,855,25.79,0.00
15:47:30,855,25.79,0.00
15:47:33,855,25.79,0.00
15:47:36,855,25.79,0.00
15:47:39,860,25.79,0.00
15:47:42,860,25.79,0.00
15:47:45,860,25.79,0.00
15:47:48,864,25.79,0.00
15:47:51,864,25.79,0.00
15:47:54,864,25.79,0.00
15:47:57,869,25.79,0.00
15:48:00,869,25.79,0.00
15:48:03,869,25.79,0.00
15:48:06,869,25.79,0.00
15:48:09,872,25.79,0.00
15:48:12,872,25.79,0.00
15:48:15,872,25.79,0.00
15:48:18,874,25.79,0.00
15:48:21,874,25.79,0.00
15:48:24,874,25.79,0.00
15:48:27,874,25.79,0.00
15:48:30,874,25.79,0.00
15:48:33,874,25.79,0.00
15:48:36,874,25.79,0.00
15:48:39,874,25.79,0.00
15:48:42,874,25.79,0.00
15:48:45,874,25.79,0.00
15:48:48,872,25.79,0.00
15:48:51,872,25.79,0.00
15:48:54,872,25.79,0.00
15:48:57,872,25.79,0.00
15:49:00,872,25.79,0.00
15:49:03,872,25.79,0.00
15:49:06,872,25.79,0.00
15:49:09,870,25.79,0.00
15:49:12,870,25.79,0.00
15:49:15,870,25.79,0.00
15:49:18,868,25.79,0.00
15:49:21,868,25.79,0.00
15:49:24,868,25.79,0.00
15:49:27,868,25.79,0.00
15:49:30,866,25.79,0.00
15:49:33,866,25.79,0.00
15:49:36,866,25.79,0.00
15:49:39,864,25.79,0.00
15:49:42,864,25.79,0.00
15:49:45,864,25.79,0.00
15:49:48,862,25.79,0.00
15:49:51,862,25.79,0.00
15:49:54,862,25.79,0.00
15:49:57,862,25.79,0.00
15:50:00,860,25.79,0.00
15:50:03,860,25.79,0.00
15:50:06,860,25.79,0.00
15:50:09,858,25.73,0.00
15:50:12,858,25.73,0.00
15:50:15,858,25.73,0.00
15:50:18,858,25.73,0.00
15:50:21,858,25.73,0.00
15:50:24,858,25.79,0.00
15:50:27,858,25.79,0.00
15:50:30,858,25.73,0.00
15:50:33,858,25.73,0.00
